image,label
C:\Users\Shravani Gawali\Music\Kaggle_data_hard\data\fake\fake_1.jpg,Fake
C:\Users\Shravani Gawali\Music\Kaggle_data_hard\data\fake\fake_10.jpg,Fake
C:\Users\Shravani Gawali\Music\Kaggle_data_hard\data\fake\fake_100.jpg,Fake
C:\Users\Shravani Gawali\Music\Kaggle_data_hard\data\fake\fake_101.jpg,Fake
C:\Users\Shravani Gawali\Music\Kaggle_data_hard\data\fake\fake_102.jpg,Fake
C:\Users\Shravani Gawali\Music\Kaggle_data_hard\data\fake\fake_103.jpg,Fake
C:\Users\Shravani Gawali\Music\Kaggle_data_hard\data\fake\fake_104.jpg,Fake
C:\Users\Shravani Gawali\Music\Kaggle_data_hard\data\fake\fake_105.jpg,Fake
C:\Users\Shravani Gawali\Music\Kaggle_data_hard\data\fake\fake_106.jpg,Fake
C:\Users\Shravani Gawali\Music\Kaggle_data_hard\data\fake\fake_107.jpg,Fake
C:\Users\Shravani Gawali\Music\Kaggle_data_hard\data\fake\fake_108.jpg,Fake
C:\Users\Shravani Gawali\Music\Kaggle_data_hard\data\fake\fake_109.jpg,Fake
C:\Users\Shravani Gawali\Music\Kaggle_data_hard\data\fake\fake_11.jpg,Fake
C:\Users\Shravani Gawali\Music\Kaggle_data_hard\data\fake\fake_110.jpg,Fake
C:\Users\Shravani Gawali\Music\Kaggle_data_hard\data\fake\fake_111.jpg,Fake
C:\Users\Shravani Gawali\Music\Kaggle_data_hard\data\fake\fake_112.jpg,Fake
C:\Users\Shravani Gawali\Music\Kaggle_data_hard\data\fake\fake_113.jpg,Fake
C:\Users\Shravani Gawali\Music\Kaggle_data_hard\data\fake\fake_114.jpg,Fake
C:\Users\Shravani Gawali\Music\Kaggle_data_hard\data\fake\fake_115.jpg,Fake
C:\Users\Shravani Gawali\Music\Kaggle_data_hard\data\fake\fake_116.jpg,Fake
C:\Users\Shravani Gawali\Music\Kaggle_data_hard\data\fake\fake_117.jpg,Fake
C:\Users\Shravani Gawali\Music\Kaggle_data_hard\data\fake\fake_118.jpg,Fake
C:\Users\Shravani Gawali\Music\Kaggle_data_hard\data\fake\fake_119.jpg,Fake
C:\Users\Shravani Gawali\Music\Kaggle_data_hard\data\fake\fake_12.jpg,Fake
C:\Users\Shravani Gawali\Music\Kaggle_data_hard\data\fake\fake_120.jpg,Fake
C:\Users\Shravani Gawali\Music\Kaggle_data_hard\data\fake\fake_121.jpg,Fake
C:\Users\Shravani Gawali\Music\Kaggle_data_hard\data\fake\fake_122.jpg,Fake
C:\Users\Shravani Gawali\Music\Kaggle_data_hard\data\fake\fake_123.jpg,Fake
C:\Users\Shravani Gawali\Music\Kaggle_data_hard\data\fake\fake_124.jpg,Fake
C:\Users\Shravani Gawali\Music\Kaggle_data_hard\data\fake\fake_125.jpg,Fake
C:\Users\Shravani Gawali\Music\Kaggle_data_hard\data\fake\fake_126.jpg,Fake
C:\Users\Shravani Gawali\Music\Kaggle_data_hard\data\fake\fake_127.jpg,Fake
C:\Users\Shravani Gawali\Music\Kaggle_data_hard\data\fake\fake_128.jpg,Fake
C:\Users\Shravani Gawali\Music\Kaggle_data_hard\data\fake\fake_129.jpg,Fake
C:\Users\Shravani Gawali\Music\Kaggle_data_hard\data\fake\fake_13.jpg,Fake
C:\Users\Shravani Gawali\Music\Kaggle_data_hard\data\fake\fake_130.jpg,Fake
C:\Users\Shravani Gawali\Music\Kaggle_data_hard\data\fake\fake_131.jpg,Fake
C:\Users\Shravani Gawali\Music\Kaggle_data_hard\data\fake\fake_132.jpg,Fake
C:\Users\Shravani Gawali\Music\Kaggle_data_hard\data\fake\fake_133.jpg,Fake
C:\Users\Shravani Gawali\Music\Kaggle_data_hard\data\fake\fake_134.jpg,Fake
C:\Users\Shravani Gawali\Music\Kaggle_data_hard\data\fake\fake_135.jpg,Fake
C:\Users\Shravani Gawali\Music\Kaggle_data_hard\data\fake\fake_136.jpg,Fake
C:\Users\Shravani Gawali\Music\Kaggle_data_hard\data\fake\fake_137.jpg,Fake
C:\Users\Shravani Gawali\Music\Kaggle_data_hard\data\fake\fake_138.jpg,Fake
C:\Users\Shravani Gawali\Music\Kaggle_data_hard\data\fake\fake_139.jpg,Fake
C:\Users\Shravani Gawali\Music\Kaggle_data_hard\data\fake\fake_14.jpg,Fake
C:\Users\Shravani Gawali\Music\Kaggle_data_hard\data\fake\fake_140.jpg,Fake
C:\Users\Shravani Gawali\Music\Kaggle_data_hard\data\fake\fake_141.jpg,Fake
C:\Users\Shravani Gawali\Music\Kaggle_data_hard\data\fake\fake_142.jpg,Fake
C:\Users\Shravani Gawali\Music\Kaggle_data_hard\data\fake\fake_143.jpg,Fake
C:\Users\Shravani Gawali\Music\Kaggle_data_hard\data\fake\fake_144.jpg,Fake
C:\Users\Shravani Gawali\Music\Kaggle_data_hard\data\fake\fake_145.jpg,Fake
C:\Users\Shravani Gawali\Music\Kaggle_data_hard\data\fake\fake_146.jpg,Fake
C:\Users\Shravani Gawali\Music\Kaggle_data_hard\data\fake\fake_147.jpg,Fake
C:\Users\Shravani Gawali\Music\Kaggle_data_hard\data\fake\fake_148.jpg,Fake
C:\Users\Shravani Gawali\Music\Kaggle_data_hard\data\fake\fake_149.jpg,Fake
C:\Users\Shravani Gawali\Music\Kaggle_data_hard\data\fake\fake_15.jpg,Fake
C:\Users\Shravani Gawali\Music\Kaggle_data_hard\data\fake\fake_150.jpg,Fake
C:\Users\Shravani Gawali\Music\Kaggle_data_hard\data\fake\fake_151.jpg,Fake
C:\Users\Shravani Gawali\Music\Kaggle_data_hard\data\fake\fake_152.jpg,Fake
C:\Users\Shravani Gawali\Music\Kaggle_data_hard\data\fake\fake_153.jpg,Fake
C:\Users\Shravani Gawali\Music\Kaggle_data_hard\data\fake\fake_154.jpg,Fake
C:\Users\Shravani Gawali\Music\Kaggle_data_hard\data\fake\fake_155.jpg,Fake
C:\Users\Shravani Gawali\Music\Kaggle_data_hard\data\fake\fake_156.jpg,Fake
C:\Users\Shravani Gawali\Music\Kaggle_data_hard\data\fake\fake_157.jpg,Fake
C:\Users\Shravani Gawali\Music\Kaggle_data_hard\data\fake\fake_158.jpg,Fake
C:\Users\Shravani Gawali\Music\Kaggle_data_hard\data\fake\fake_159.jpg,Fake
C:\Users\Shravani Gawali\Music\Kaggle_data_hard\data\fake\fake_16.jpg,Fake
C:\Users\Shravani Gawali\Music\Kaggle_data_hard\data\fake\fake_160.jpg,Fake
C:\Users\Shravani Gawali\Music\Kaggle_data_hard\data\fake\fake_161.jpg,Fake
C:\Users\Shravani Gawali\Music\Kaggle_data_hard\data\fake\fake_162.jpg,Fake
C:\Users\Shravani Gawali\Music\Kaggle_data_hard\data\fake\fake_163.jpg,Fake
C:\Users\Shravani Gawali\Music\Kaggle_data_hard\data\fake\fake_164.jpg,Fake
C:\Users\Shravani Gawali\Music\Kaggle_data_hard\data\fake\fake_165.jpg,Fake
C:\Users\Shravani Gawali\Music\Kaggle_data_hard\data\fake\fake_166.jpg,Fake
C:\Users\Shravani Gawali\Music\Kaggle_data_hard\data\fake\fake_167.jpg,Fake
C:\Users\Shravani Gawali\Music\Kaggle_data_hard\data\fake\fake_168.jpg,Fake
C:\Users\Shravani Gawali\Music\Kaggle_data_hard\data\fake\fake_169.jpg,Fake
C:\Users\Shravani Gawali\Music\Kaggle_data_hard\data\fake\fake_17.jpg,Fake
C:\Users\Shravani Gawali\Music\Kaggle_data_hard\data\fake\fake_170.jpg,Fake
C:\Users\Shravani Gawali\Music\Kaggle_data_hard\data\fake\fake_171.jpg,Fake
C:\Users\Shravani Gawali\Music\Kaggle_data_hard\data\fake\fake_172.jpg,Fake
C:\Users\Shravani Gawali\Music\Kaggle_data_hard\data\fake\fake_173.jpg,Fake
C:\Users\Shravani Gawali\Music\Kaggle_data_hard\data\fake\fake_174.jpg,Fake
C:\Users\Shravani Gawali\Music\Kaggle_data_hard\data\fake\fake_175.jpg,Fake
C:\Users\Shravani Gawali\Music\Kaggle_data_hard\data\fake\fake_176.jpg,Fake
C:\Users\Shravani Gawali\Music\Kaggle_data_hard\data\fake\fake_177.jpg,Fake
C:\Users\Shravani Gawali\Music\Kaggle_data_hard\data\fake\fake_178.jpg,Fake
C:\Users\Shravani Gawali\Music\Kaggle_data_hard\data\fake\fake_179.jpg,Fake
C:\Users\Shravani Gawali\Music\Kaggle_data_hard\data\fake\fake_18.jpg,Fake
C:\Users\Shravani Gawali\Music\Kaggle_data_hard\data\fake\fake_180.jpg,Fake
C:\Users\Shravani Gawali\Music\Kaggle_data_hard\data\fake\fake_181.jpg,Fake
C:\Users\Shravani Gawali\Music\Kaggle_data_hard\data\fake\fake_182.jpg,Fake
C:\Users\Shravani Gawali\Music\Kaggle_data_hard\data\fake\fake_183.jpg,Fake
C:\Users\Shravani Gawali\Music\Kaggle_data_hard\data\fake\fake_184.jpg,Fake
C:\Users\Shravani Gawali\Music\Kaggle_data_hard\data\fake\fake_185.jpg,Fake
C:\Users\Shravani Gawali\Music\Kaggle_data_hard\data\fake\fake_186.jpg,Fake
C:\Users\Shravani Gawali\Music\Kaggle_data_hard\data\fake\fake_187.jpg,Fake
C:\Users\Shravani Gawali\Music\Kaggle_data_hard\data\fake\fake_188.jpg,Fake
C:\Users\Shravani Gawali\Music\Kaggle_data_hard\data\fake\fake_189.jpg,Fake
C:\Users\Shravani Gawali\Music\Kaggle_data_hard\data\fake\fake_19.jpg,Fake
C:\Users\Shravani Gawali\Music\Kaggle_data_hard\data\fake\fake_190.jpg,Fake
C:\Users\Shravani Gawali\Music\Kaggle_data_hard\data\fake\fake_191.jpg,Fake
C:\Users\Shravani Gawali\Music\Kaggle_data_hard\data\fake\fake_192.jpg,Fake
C:\Users\Shravani Gawali\Music\Kaggle_data_hard\data\fake\fake_193.jpg,Fake
C:\Users\Shravani Gawali\Music\Kaggle_data_hard\data\fake\fake_194.jpg,Fake
C:\Users\Shravani Gawali\Music\Kaggle_data_hard\data\fake\fake_195.jpg,Fake
C:\Users\Shravani Gawali\Music\Kaggle_data_hard\data\fake\fake_196.jpg,Fake
C:\Users\Shravani Gawali\Music\Kaggle_data_hard\data\fake\fake_197.jpg,Fake
C:\Users\Shravani Gawali\Music\Kaggle_data_hard\data\fake\fake_198.jpg,Fake
C:\Users\Shravani Gawali\Music\Kaggle_data_hard\data\fake\fake_199.jpg,Fake
C:\Users\Shravani Gawali\Music\Kaggle_data_hard\data\fake\fake_2.jpg,Fake
C:\Users\Shravani Gawali\Music\Kaggle_data_hard\data\fake\fake_20.jpg,Fake
C:\Users\Shravani Gawali\Music\Kaggle_data_hard\data\fake\fake_200.jpg,Fake
C:\Users\Shravani Gawali\Music\Kaggle_data_hard\data\fake\fake_201.jpg,Fake
C:\Users\Shravani Gawali\Music\Kaggle_data_hard\data\fake\fake_202.jpg,Fake
C:\Users\Shravani Gawali\Music\Kaggle_data_hard\data\fake\fake_203.jpg,Fake
C:\Users\Shravani Gawali\Music\Kaggle_data_hard\data\fake\fake_204.jpg,Fake
C:\Users\Shravani Gawali\Music\Kaggle_data_hard\data\fake\fake_205.jpg,Fake
C:\Users\Shravani Gawali\Music\Kaggle_data_hard\data\fake\fake_206.jpg,Fake
C:\Users\Shravani Gawali\Music\Kaggle_data_hard\data\fake\fake_207.jpg,Fake
C:\Users\Shravani Gawali\Music\Kaggle_data_hard\data\fake\fake_208.jpg,Fake
C:\Users\Shravani Gawali\Music\Kaggle_data_hard\data\fake\fake_209.jpg,Fake
C:\Users\Shravani Gawali\Music\Kaggle_data_hard\data\fake\fake_21.jpg,Fake
C:\Users\Shravani Gawali\Music\Kaggle_data_hard\data\fake\fake_210.jpg,Fake
C:\Users\Shravani Gawali\Music\Kaggle_data_hard\data\fake\fake_211.jpg,Fake
C:\Users\Shravani Gawali\Music\Kaggle_data_hard\data\fake\fake_212.jpg,Fake
C:\Users\Shravani Gawali\Music\Kaggle_data_hard\data\fake\fake_213.jpg,Fake
C:\Users\Shravani Gawali\Music\Kaggle_data_hard\data\fake\fake_214.jpg,Fake
C:\Users\Shravani Gawali\Music\Kaggle_data_hard\data\fake\fake_215.jpg,Fake
C:\Users\Shravani Gawali\Music\Kaggle_data_hard\data\fake\fake_216.jpg,Fake
C:\Users\Shravani Gawali\Music\Kaggle_data_hard\data\fake\fake_217.jpg,Fake
C:\Users\Shravani Gawali\Music\Kaggle_data_hard\data\fake\fake_218.jpg,Fake
C:\Users\Shravani Gawali\Music\Kaggle_data_hard\data\fake\fake_219.jpg,Fake
C:\Users\Shravani Gawali\Music\Kaggle_data_hard\data\fake\fake_22.jpg,Fake
C:\Users\Shravani Gawali\Music\Kaggle_data_hard\data\fake\fake_220.jpg,Fake
C:\Users\Shravani Gawali\Music\Kaggle_data_hard\data\fake\fake_221.jpg,Fake
C:\Users\Shravani Gawali\Music\Kaggle_data_hard\data\fake\fake_222.jpg,Fake
C:\Users\Shravani Gawali\Music\Kaggle_data_hard\data\fake\fake_223.jpg,Fake
C:\Users\Shravani Gawali\Music\Kaggle_data_hard\data\fake\fake_224.jpg,Fake
C:\Users\Shravani Gawali\Music\Kaggle_data_hard\data\fake\fake_225.jpg,Fake
C:\Users\Shravani Gawali\Music\Kaggle_data_hard\data\fake\fake_226.jpg,Fake
C:\Users\Shravani Gawali\Music\Kaggle_data_hard\data\fake\fake_227.jpg,Fake
C:\Users\Shravani Gawali\Music\Kaggle_data_hard\data\fake\fake_228.jpg,Fake
C:\Users\Shravani Gawali\Music\Kaggle_data_hard\data\fake\fake_229.jpg,Fake
C:\Users\Shravani Gawali\Music\Kaggle_data_hard\data\fake\fake_23.jpg,Fake
C:\Users\Shravani Gawali\Music\Kaggle_data_hard\data\fake\fake_230.jpg,Fake
C:\Users\Shravani Gawali\Music\Kaggle_data_hard\data\fake\fake_231.jpg,Fake
C:\Users\Shravani Gawali\Music\Kaggle_data_hard\data\fake\fake_232.jpg,Fake
C:\Users\Shravani Gawali\Music\Kaggle_data_hard\data\fake\fake_233.jpg,Fake
C:\Users\Shravani Gawali\Music\Kaggle_data_hard\data\fake\fake_234.jpg,Fake
C:\Users\Shravani Gawali\Music\Kaggle_data_hard\data\fake\fake_235.jpg,Fake
C:\Users\Shravani Gawali\Music\Kaggle_data_hard\data\fake\fake_236.jpg,Fake
C:\Users\Shravani Gawali\Music\Kaggle_data_hard\data\fake\fake_237.jpg,Fake
C:\Users\Shravani Gawali\Music\Kaggle_data_hard\data\fake\fake_238.jpg,Fake
C:\Users\Shravani Gawali\Music\Kaggle_data_hard\data\fake\fake_239.jpg,Fake
C:\Users\Shravani Gawali\Music\Kaggle_data_hard\data\fake\fake_24.jpg,Fake
C:\Users\Shravani Gawali\Music\Kaggle_data_hard\data\fake\fake_240.jpg,Fake
C:\Users\Shravani Gawali\Music\Kaggle_data_hard\data\fake\fake_241.jpg,Fake
C:\Users\Shravani Gawali\Music\Kaggle_data_hard\data\fake\fake_242.jpg,Fake
C:\Users\Shravani Gawali\Music\Kaggle_data_hard\data\fake\fake_243.jpg,Fake
C:\Users\Shravani Gawali\Music\Kaggle_data_hard\data\fake\fake_244.jpg,Fake
C:\Users\Shravani Gawali\Music\Kaggle_data_hard\data\fake\fake_245.jpg,Fake
C:\Users\Shravani Gawali\Music\Kaggle_data_hard\data\fake\fake_246.jpg,Fake
C:\Users\Shravani Gawali\Music\Kaggle_data_hard\data\fake\fake_247.jpg,Fake
C:\Users\Shravani Gawali\Music\Kaggle_data_hard\data\fake\fake_248.jpg,Fake
C:\Users\Shravani Gawali\Music\Kaggle_data_hard\data\fake\fake_249.jpg,Fake
C:\Users\Shravani Gawali\Music\Kaggle_data_hard\data\fake\fake_25.jpg,Fake
C:\Users\Shravani Gawali\Music\Kaggle_data_hard\data\fake\fake_250.jpg,Fake
C:\Users\Shravani Gawali\Music\Kaggle_data_hard\data\fake\fake_251.jpg,Fake
C:\Users\Shravani Gawali\Music\Kaggle_data_hard\data\fake\fake_252.jpg,Fake
C:\Users\Shravani Gawali\Music\Kaggle_data_hard\data\fake\fake_253.jpg,Fake
C:\Users\Shravani Gawali\Music\Kaggle_data_hard\data\fake\fake_254.jpg,Fake
C:\Users\Shravani Gawali\Music\Kaggle_data_hard\data\fake\fake_255.jpg,Fake
C:\Users\Shravani Gawali\Music\Kaggle_data_hard\data\fake\fake_256.jpg,Fake
C:\Users\Shravani Gawali\Music\Kaggle_data_hard\data\fake\fake_257.jpg,Fake
C:\Users\Shravani Gawali\Music\Kaggle_data_hard\data\fake\fake_258.jpg,Fake
C:\Users\Shravani Gawali\Music\Kaggle_data_hard\data\fake\fake_259.jpg,Fake
C:\Users\Shravani Gawali\Music\Kaggle_data_hard\data\fake\fake_26.jpg,Fake
C:\Users\Shravani Gawali\Music\Kaggle_data_hard\data\fake\fake_260.jpg,Fake
C:\Users\Shravani Gawali\Music\Kaggle_data_hard\data\fake\fake_261.jpg,Fake
C:\Users\Shravani Gawali\Music\Kaggle_data_hard\data\fake\fake_262.jpg,Fake
C:\Users\Shravani Gawali\Music\Kaggle_data_hard\data\fake\fake_263.jpg,Fake
C:\Users\Shravani Gawali\Music\Kaggle_data_hard\data\fake\fake_264.jpg,Fake
C:\Users\Shravani Gawali\Music\Kaggle_data_hard\data\fake\fake_265.jpg,Fake
C:\Users\Shravani Gawali\Music\Kaggle_data_hard\data\fake\fake_266.jpg,Fake
C:\Users\Shravani Gawali\Music\Kaggle_data_hard\data\fake\fake_267.jpg,Fake
C:\Users\Shravani Gawali\Music\Kaggle_data_hard\data\fake\fake_268.jpg,Fake
C:\Users\Shravani Gawali\Music\Kaggle_data_hard\data\fake\fake_269.jpg,Fake
C:\Users\Shravani Gawali\Music\Kaggle_data_hard\data\fake\fake_27.jpg,Fake
C:\Users\Shravani Gawali\Music\Kaggle_data_hard\data\fake\fake_270.jpg,Fake
C:\Users\Shravani Gawali\Music\Kaggle_data_hard\data\fake\fake_271.jpg,Fake
C:\Users\Shravani Gawali\Music\Kaggle_data_hard\data\fake\fake_272.jpg,Fake
C:\Users\Shravani Gawali\Music\Kaggle_data_hard\data\fake\fake_273.jpg,Fake
C:\Users\Shravani Gawali\Music\Kaggle_data_hard\data\fake\fake_274.jpg,Fake
C:\Users\Shravani Gawali\Music\Kaggle_data_hard\data\fake\fake_275.jpg,Fake
C:\Users\Shravani Gawali\Music\Kaggle_data_hard\data\fake\fake_276.jpg,Fake
C:\Users\Shravani Gawali\Music\Kaggle_data_hard\data\fake\fake_277.jpg,Fake
C:\Users\Shravani Gawali\Music\Kaggle_data_hard\data\fake\fake_278.jpg,Fake
C:\Users\Shravani Gawali\Music\Kaggle_data_hard\data\fake\fake_279.jpg,Fake
C:\Users\Shravani Gawali\Music\Kaggle_data_hard\data\fake\fake_28.jpg,Fake
C:\Users\Shravani Gawali\Music\Kaggle_data_hard\data\fake\fake_280.jpg,Fake
C:\Users\Shravani Gawali\Music\Kaggle_data_hard\data\fake\fake_281.jpg,Fake
C:\Users\Shravani Gawali\Music\Kaggle_data_hard\data\fake\fake_282.jpg,Fake
C:\Users\Shravani Gawali\Music\Kaggle_data_hard\data\fake\fake_283.jpg,Fake
C:\Users\Shravani Gawali\Music\Kaggle_data_hard\data\fake\fake_284.jpg,Fake
C:\Users\Shravani Gawali\Music\Kaggle_data_hard\data\fake\fake_285.jpg,Fake
C:\Users\Shravani Gawali\Music\Kaggle_data_hard\data\fake\fake_286.jpg,Fake
C:\Users\Shravani Gawali\Music\Kaggle_data_hard\data\fake\fake_287.jpg,Fake
C:\Users\Shravani Gawali\Music\Kaggle_data_hard\data\fake\fake_288.jpg,Fake
C:\Users\Shravani Gawali\Music\Kaggle_data_hard\data\fake\fake_289.jpg,Fake
C:\Users\Shravani Gawali\Music\Kaggle_data_hard\data\fake\fake_29.jpg,Fake
C:\Users\Shravani Gawali\Music\Kaggle_data_hard\data\fake\fake_290.jpg,Fake
C:\Users\Shravani Gawali\Music\Kaggle_data_hard\data\fake\fake_291.jpg,Fake
C:\Users\Shravani Gawali\Music\Kaggle_data_hard\data\fake\fake_292.jpg,Fake
C:\Users\Shravani Gawali\Music\Kaggle_data_hard\data\fake\fake_293.jpg,Fake
C:\Users\Shravani Gawali\Music\Kaggle_data_hard\data\fake\fake_294.jpg,Fake
C:\Users\Shravani Gawali\Music\Kaggle_data_hard\data\fake\fake_295.jpg,Fake
C:\Users\Shravani Gawali\Music\Kaggle_data_hard\data\fake\fake_296.jpg,Fake
C:\Users\Shravani Gawali\Music\Kaggle_data_hard\data\fake\fake_297.jpg,Fake
C:\Users\Shravani Gawali\Music\Kaggle_data_hard\data\fake\fake_298.jpg,Fake
C:\Users\Shravani Gawali\Music\Kaggle_data_hard\data\fake\fake_299.jpg,Fake
C:\Users\Shravani Gawali\Music\Kaggle_data_hard\data\fake\fake_3.jpg,Fake
C:\Users\Shravani Gawali\Music\Kaggle_data_hard\data\fake\fake_30.jpg,Fake
C:\Users\Shravani Gawali\Music\Kaggle_data_hard\data\fake\fake_300.jpg,Fake
C:\Users\Shravani Gawali\Music\Kaggle_data_hard\data\fake\fake_301.jpg,Fake
C:\Users\Shravani Gawali\Music\Kaggle_data_hard\data\fake\fake_302.jpg,Fake
C:\Users\Shravani Gawali\Music\Kaggle_data_hard\data\fake\fake_303.jpg,Fake
C:\Users\Shravani Gawali\Music\Kaggle_data_hard\data\fake\fake_304.jpg,Fake
C:\Users\Shravani Gawali\Music\Kaggle_data_hard\data\fake\fake_305.jpg,Fake
C:\Users\Shravani Gawali\Music\Kaggle_data_hard\data\fake\fake_306.jpg,Fake
C:\Users\Shravani Gawali\Music\Kaggle_data_hard\data\fake\fake_307.jpg,Fake
C:\Users\Shravani Gawali\Music\Kaggle_data_hard\data\fake\fake_308.jpg,Fake
C:\Users\Shravani Gawali\Music\Kaggle_data_hard\data\fake\fake_309.jpg,Fake
C:\Users\Shravani Gawali\Music\Kaggle_data_hard\data\fake\fake_31.jpg,Fake
C:\Users\Shravani Gawali\Music\Kaggle_data_hard\data\fake\fake_310.jpg,Fake
C:\Users\Shravani Gawali\Music\Kaggle_data_hard\data\fake\fake_311.jpg,Fake
C:\Users\Shravani Gawali\Music\Kaggle_data_hard\data\fake\fake_312.jpg,Fake
C:\Users\Shravani Gawali\Music\Kaggle_data_hard\data\fake\fake_313.jpg,Fake
C:\Users\Shravani Gawali\Music\Kaggle_data_hard\data\fake\fake_314.jpg,Fake
C:\Users\Shravani Gawali\Music\Kaggle_data_hard\data\fake\fake_315.jpg,Fake
C:\Users\Shravani Gawali\Music\Kaggle_data_hard\data\fake\fake_316.jpg,Fake
C:\Users\Shravani Gawali\Music\Kaggle_data_hard\data\fake\fake_317.jpg,Fake
C:\Users\Shravani Gawali\Music\Kaggle_data_hard\data\fake\fake_318.jpg,Fake
C:\Users\Shravani Gawali\Music\Kaggle_data_hard\data\fake\fake_319.jpg,Fake
C:\Users\Shravani Gawali\Music\Kaggle_data_hard\data\fake\fake_32.jpg,Fake
C:\Users\Shravani Gawali\Music\Kaggle_data_hard\data\fake\fake_320.jpg,Fake
C:\Users\Shravani Gawali\Music\Kaggle_data_hard\data\fake\fake_321.jpg,Fake
C:\Users\Shravani Gawali\Music\Kaggle_data_hard\data\fake\fake_322.jpg,Fake
C:\Users\Shravani Gawali\Music\Kaggle_data_hard\data\fake\fake_323.jpg,Fake
C:\Users\Shravani Gawali\Music\Kaggle_data_hard\data\fake\fake_324.jpg,Fake
C:\Users\Shravani Gawali\Music\Kaggle_data_hard\data\fake\fake_325.jpg,Fake
C:\Users\Shravani Gawali\Music\Kaggle_data_hard\data\fake\fake_326.jpg,Fake
C:\Users\Shravani Gawali\Music\Kaggle_data_hard\data\fake\fake_327.jpg,Fake
C:\Users\Shravani Gawali\Music\Kaggle_data_hard\data\fake\fake_328.jpg,Fake
C:\Users\Shravani Gawali\Music\Kaggle_data_hard\data\fake\fake_329.jpg,Fake
C:\Users\Shravani Gawali\Music\Kaggle_data_hard\data\fake\fake_33.jpg,Fake
C:\Users\Shravani Gawali\Music\Kaggle_data_hard\data\fake\fake_330.jpg,Fake
C:\Users\Shravani Gawali\Music\Kaggle_data_hard\data\fake\fake_331.jpg,Fake
C:\Users\Shravani Gawali\Music\Kaggle_data_hard\data\fake\fake_332.jpg,Fake
C:\Users\Shravani Gawali\Music\Kaggle_data_hard\data\fake\fake_333.jpg,Fake
C:\Users\Shravani Gawali\Music\Kaggle_data_hard\data\fake\fake_334.jpg,Fake
C:\Users\Shravani Gawali\Music\Kaggle_data_hard\data\fake\fake_335.jpg,Fake
C:\Users\Shravani Gawali\Music\Kaggle_data_hard\data\fake\fake_336.jpg,Fake
C:\Users\Shravani Gawali\Music\Kaggle_data_hard\data\fake\fake_337.jpg,Fake
C:\Users\Shravani Gawali\Music\Kaggle_data_hard\data\fake\fake_338.jpg,Fake
C:\Users\Shravani Gawali\Music\Kaggle_data_hard\data\fake\fake_339.jpg,Fake
C:\Users\Shravani Gawali\Music\Kaggle_data_hard\data\fake\fake_34.jpg,Fake
C:\Users\Shravani Gawali\Music\Kaggle_data_hard\data\fake\fake_340.jpg,Fake
C:\Users\Shravani Gawali\Music\Kaggle_data_hard\data\fake\fake_341.jpg,Fake
C:\Users\Shravani Gawali\Music\Kaggle_data_hard\data\fake\fake_342.jpg,Fake
C:\Users\Shravani Gawali\Music\Kaggle_data_hard\data\fake\fake_343.jpg,Fake
C:\Users\Shravani Gawali\Music\Kaggle_data_hard\data\fake\fake_344.jpg,Fake
C:\Users\Shravani Gawali\Music\Kaggle_data_hard\data\fake\fake_345.jpg,Fake
C:\Users\Shravani Gawali\Music\Kaggle_data_hard\data\fake\fake_346.jpg,Fake
C:\Users\Shravani Gawali\Music\Kaggle_data_hard\data\fake\fake_347.jpg,Fake
C:\Users\Shravani Gawali\Music\Kaggle_data_hard\data\fake\fake_348.jpg,Fake
C:\Users\Shravani Gawali\Music\Kaggle_data_hard\data\fake\fake_349.jpg,Fake
C:\Users\Shravani Gawali\Music\Kaggle_data_hard\data\fake\fake_35.jpg,Fake
C:\Users\Shravani Gawali\Music\Kaggle_data_hard\data\fake\fake_350.jpg,Fake
C:\Users\Shravani Gawali\Music\Kaggle_data_hard\data\fake\fake_351.jpg,Fake
C:\Users\Shravani Gawali\Music\Kaggle_data_hard\data\fake\fake_352.jpg,Fake
C:\Users\Shravani Gawali\Music\Kaggle_data_hard\data\fake\fake_353.jpg,Fake
C:\Users\Shravani Gawali\Music\Kaggle_data_hard\data\fake\fake_354.jpg,Fake
C:\Users\Shravani Gawali\Music\Kaggle_data_hard\data\fake\fake_355.jpg,Fake
C:\Users\Shravani Gawali\Music\Kaggle_data_hard\data\fake\fake_356.jpg,Fake
C:\Users\Shravani Gawali\Music\Kaggle_data_hard\data\fake\fake_357.jpg,Fake
C:\Users\Shravani Gawali\Music\Kaggle_data_hard\data\fake\fake_358.jpg,Fake
C:\Users\Shravani Gawali\Music\Kaggle_data_hard\data\fake\fake_359.jpg,Fake
C:\Users\Shravani Gawali\Music\Kaggle_data_hard\data\fake\fake_36.jpg,Fake
C:\Users\Shravani Gawali\Music\Kaggle_data_hard\data\fake\fake_360.jpg,Fake
C:\Users\Shravani Gawali\Music\Kaggle_data_hard\data\fake\fake_361.jpg,Fake
C:\Users\Shravani Gawali\Music\Kaggle_data_hard\data\fake\fake_362.jpg,Fake
C:\Users\Shravani Gawali\Music\Kaggle_data_hard\data\fake\fake_363.jpg,Fake
C:\Users\Shravani Gawali\Music\Kaggle_data_hard\data\fake\fake_364.jpg,Fake
C:\Users\Shravani Gawali\Music\Kaggle_data_hard\data\fake\fake_365.jpg,Fake
C:\Users\Shravani Gawali\Music\Kaggle_data_hard\data\fake\fake_366.jpg,Fake
C:\Users\Shravani Gawali\Music\Kaggle_data_hard\data\fake\fake_367.jpg,Fake
C:\Users\Shravani Gawali\Music\Kaggle_data_hard\data\fake\fake_368.jpg,Fake
C:\Users\Shravani Gawali\Music\Kaggle_data_hard\data\fake\fake_369.jpg,Fake
C:\Users\Shravani Gawali\Music\Kaggle_data_hard\data\fake\fake_37.jpg,Fake
C:\Users\Shravani Gawali\Music\Kaggle_data_hard\data\fake\fake_370.jpg,Fake
C:\Users\Shravani Gawali\Music\Kaggle_data_hard\data\fake\fake_371.jpg,Fake
C:\Users\Shravani Gawali\Music\Kaggle_data_hard\data\fake\fake_372.jpg,Fake
C:\Users\Shravani Gawali\Music\Kaggle_data_hard\data\fake\fake_373.jpg,Fake
C:\Users\Shravani Gawali\Music\Kaggle_data_hard\data\fake\fake_374.jpg,Fake
C:\Users\Shravani Gawali\Music\Kaggle_data_hard\data\fake\fake_375.jpg,Fake
C:\Users\Shravani Gawali\Music\Kaggle_data_hard\data\fake\fake_376.jpg,Fake
C:\Users\Shravani Gawali\Music\Kaggle_data_hard\data\fake\fake_377.jpg,Fake
C:\Users\Shravani Gawali\Music\Kaggle_data_hard\data\fake\fake_378.jpg,Fake
C:\Users\Shravani Gawali\Music\Kaggle_data_hard\data\fake\fake_379.jpg,Fake
C:\Users\Shravani Gawali\Music\Kaggle_data_hard\data\fake\fake_38.jpg,Fake
C:\Users\Shravani Gawali\Music\Kaggle_data_hard\data\fake\fake_380.jpg,Fake
C:\Users\Shravani Gawali\Music\Kaggle_data_hard\data\fake\fake_381.jpg,Fake
C:\Users\Shravani Gawali\Music\Kaggle_data_hard\data\fake\fake_382.jpg,Fake
C:\Users\Shravani Gawali\Music\Kaggle_data_hard\data\fake\fake_383.jpg,Fake
C:\Users\Shravani Gawali\Music\Kaggle_data_hard\data\fake\fake_384.jpg,Fake
C:\Users\Shravani Gawali\Music\Kaggle_data_hard\data\fake\fake_385.jpg,Fake
C:\Users\Shravani Gawali\Music\Kaggle_data_hard\data\fake\fake_386.jpg,Fake
C:\Users\Shravani Gawali\Music\Kaggle_data_hard\data\fake\fake_387.jpg,Fake
C:\Users\Shravani Gawali\Music\Kaggle_data_hard\data\fake\fake_388.jpg,Fake
C:\Users\Shravani Gawali\Music\Kaggle_data_hard\data\fake\fake_389.jpg,Fake
C:\Users\Shravani Gawali\Music\Kaggle_data_hard\data\fake\fake_39.jpg,Fake
C:\Users\Shravani Gawali\Music\Kaggle_data_hard\data\fake\fake_390.jpg,Fake
C:\Users\Shravani Gawali\Music\Kaggle_data_hard\data\fake\fake_391.jpg,Fake
C:\Users\Shravani Gawali\Music\Kaggle_data_hard\data\fake\fake_392.jpg,Fake
C:\Users\Shravani Gawali\Music\Kaggle_data_hard\data\fake\fake_393.jpg,Fake
C:\Users\Shravani Gawali\Music\Kaggle_data_hard\data\fake\fake_394.jpg,Fake
C:\Users\Shravani Gawali\Music\Kaggle_data_hard\data\fake\fake_395.jpg,Fake
C:\Users\Shravani Gawali\Music\Kaggle_data_hard\data\fake\fake_396.jpg,Fake
C:\Users\Shravani Gawali\Music\Kaggle_data_hard\data\fake\fake_397.jpg,Fake
C:\Users\Shravani Gawali\Music\Kaggle_data_hard\data\fake\fake_398.jpg,Fake
C:\Users\Shravani Gawali\Music\Kaggle_data_hard\data\fake\fake_399.jpg,Fake
C:\Users\Shravani Gawali\Music\Kaggle_data_hard\data\fake\fake_4.jpg,Fake
C:\Users\Shravani Gawali\Music\Kaggle_data_hard\data\fake\fake_40.jpg,Fake
C:\Users\Shravani Gawali\Music\Kaggle_data_hard\data\fake\fake_400.jpg,Fake
C:\Users\Shravani Gawali\Music\Kaggle_data_hard\data\fake\fake_401.jpg,Fake
C:\Users\Shravani Gawali\Music\Kaggle_data_hard\data\fake\fake_402.jpg,Fake
C:\Users\Shravani Gawali\Music\Kaggle_data_hard\data\fake\fake_403.jpg,Fake
C:\Users\Shravani Gawali\Music\Kaggle_data_hard\data\fake\fake_404.jpg,Fake
C:\Users\Shravani Gawali\Music\Kaggle_data_hard\data\fake\fake_405.jpg,Fake
C:\Users\Shravani Gawali\Music\Kaggle_data_hard\data\fake\fake_406.jpg,Fake
C:\Users\Shravani Gawali\Music\Kaggle_data_hard\data\fake\fake_407.jpg,Fake
C:\Users\Shravani Gawali\Music\Kaggle_data_hard\data\fake\fake_408.jpg,Fake
C:\Users\Shravani Gawali\Music\Kaggle_data_hard\data\fake\fake_409.jpg,Fake
C:\Users\Shravani Gawali\Music\Kaggle_data_hard\data\fake\fake_41.jpg,Fake
C:\Users\Shravani Gawali\Music\Kaggle_data_hard\data\fake\fake_410.jpg,Fake
C:\Users\Shravani Gawali\Music\Kaggle_data_hard\data\fake\fake_411.jpg,Fake
C:\Users\Shravani Gawali\Music\Kaggle_data_hard\data\fake\fake_412.jpg,Fake
C:\Users\Shravani Gawali\Music\Kaggle_data_hard\data\fake\fake_413.jpg,Fake
C:\Users\Shravani Gawali\Music\Kaggle_data_hard\data\fake\fake_414.jpg,Fake
C:\Users\Shravani Gawali\Music\Kaggle_data_hard\data\fake\fake_415.jpg,Fake
C:\Users\Shravani Gawali\Music\Kaggle_data_hard\data\fake\fake_416.jpg,Fake
C:\Users\Shravani Gawali\Music\Kaggle_data_hard\data\fake\fake_417.jpg,Fake
C:\Users\Shravani Gawali\Music\Kaggle_data_hard\data\fake\fake_418.jpg,Fake
C:\Users\Shravani Gawali\Music\Kaggle_data_hard\data\fake\fake_419.jpg,Fake
C:\Users\Shravani Gawali\Music\Kaggle_data_hard\data\fake\fake_42.jpg,Fake
C:\Users\Shravani Gawali\Music\Kaggle_data_hard\data\fake\fake_420.jpg,Fake
C:\Users\Shravani Gawali\Music\Kaggle_data_hard\data\fake\fake_421.jpg,Fake
C:\Users\Shravani Gawali\Music\Kaggle_data_hard\data\fake\fake_422.jpg,Fake
C:\Users\Shravani Gawali\Music\Kaggle_data_hard\data\fake\fake_423.jpg,Fake
C:\Users\Shravani Gawali\Music\Kaggle_data_hard\data\fake\fake_424.jpg,Fake
C:\Users\Shravani Gawali\Music\Kaggle_data_hard\data\fake\fake_425.jpg,Fake
C:\Users\Shravani Gawali\Music\Kaggle_data_hard\data\fake\fake_426.jpg,Fake
C:\Users\Shravani Gawali\Music\Kaggle_data_hard\data\fake\fake_427.jpg,Fake
C:\Users\Shravani Gawali\Music\Kaggle_data_hard\data\fake\fake_428.jpg,Fake
C:\Users\Shravani Gawali\Music\Kaggle_data_hard\data\fake\fake_429.jpg,Fake
C:\Users\Shravani Gawali\Music\Kaggle_data_hard\data\fake\fake_43.jpg,Fake
C:\Users\Shravani Gawali\Music\Kaggle_data_hard\data\fake\fake_430.jpg,Fake
C:\Users\Shravani Gawali\Music\Kaggle_data_hard\data\fake\fake_431.jpg,Fake
C:\Users\Shravani Gawali\Music\Kaggle_data_hard\data\fake\fake_432.jpg,Fake
C:\Users\Shravani Gawali\Music\Kaggle_data_hard\data\fake\fake_433.jpg,Fake
C:\Users\Shravani Gawali\Music\Kaggle_data_hard\data\fake\fake_434.jpg,Fake
C:\Users\Shravani Gawali\Music\Kaggle_data_hard\data\fake\fake_435.jpg,Fake
C:\Users\Shravani Gawali\Music\Kaggle_data_hard\data\fake\fake_436.jpg,Fake
C:\Users\Shravani Gawali\Music\Kaggle_data_hard\data\fake\fake_437.jpg,Fake
C:\Users\Shravani Gawali\Music\Kaggle_data_hard\data\fake\fake_438.jpg,Fake
C:\Users\Shravani Gawali\Music\Kaggle_data_hard\data\fake\fake_439.jpg,Fake
C:\Users\Shravani Gawali\Music\Kaggle_data_hard\data\fake\fake_44.jpg,Fake
C:\Users\Shravani Gawali\Music\Kaggle_data_hard\data\fake\fake_440.jpg,Fake
C:\Users\Shravani Gawali\Music\Kaggle_data_hard\data\fake\fake_441.jpg,Fake
C:\Users\Shravani Gawali\Music\Kaggle_data_hard\data\fake\fake_442.jpg,Fake
C:\Users\Shravani Gawali\Music\Kaggle_data_hard\data\fake\fake_443.jpg,Fake
C:\Users\Shravani Gawali\Music\Kaggle_data_hard\data\fake\fake_444.jpg,Fake
C:\Users\Shravani Gawali\Music\Kaggle_data_hard\data\fake\fake_445.jpg,Fake
C:\Users\Shravani Gawali\Music\Kaggle_data_hard\data\fake\fake_446.jpg,Fake
C:\Users\Shravani Gawali\Music\Kaggle_data_hard\data\fake\fake_447.jpg,Fake
C:\Users\Shravani Gawali\Music\Kaggle_data_hard\data\fake\fake_448.jpg,Fake
C:\Users\Shravani Gawali\Music\Kaggle_data_hard\data\fake\fake_449.jpg,Fake
C:\Users\Shravani Gawali\Music\Kaggle_data_hard\data\fake\fake_45.jpg,Fake
C:\Users\Shravani Gawali\Music\Kaggle_data_hard\data\fake\fake_450.jpg,Fake
C:\Users\Shravani Gawali\Music\Kaggle_data_hard\data\fake\fake_451.jpg,Fake
C:\Users\Shravani Gawali\Music\Kaggle_data_hard\data\fake\fake_452.jpg,Fake
C:\Users\Shravani Gawali\Music\Kaggle_data_hard\data\fake\fake_453.jpg,Fake
C:\Users\Shravani Gawali\Music\Kaggle_data_hard\data\fake\fake_454.jpg,Fake
C:\Users\Shravani Gawali\Music\Kaggle_data_hard\data\fake\fake_455.jpg,Fake
C:\Users\Shravani Gawali\Music\Kaggle_data_hard\data\fake\fake_456.jpg,Fake
C:\Users\Shravani Gawali\Music\Kaggle_data_hard\data\fake\fake_457.jpg,Fake
C:\Users\Shravani Gawali\Music\Kaggle_data_hard\data\fake\fake_458.jpg,Fake
C:\Users\Shravani Gawali\Music\Kaggle_data_hard\data\fake\fake_459.jpg,Fake
C:\Users\Shravani Gawali\Music\Kaggle_data_hard\data\fake\fake_46.jpg,Fake
C:\Users\Shravani Gawali\Music\Kaggle_data_hard\data\fake\fake_460.jpg,Fake
C:\Users\Shravani Gawali\Music\Kaggle_data_hard\data\fake\fake_461.jpg,Fake
C:\Users\Shravani Gawali\Music\Kaggle_data_hard\data\fake\fake_462.jpg,Fake
C:\Users\Shravani Gawali\Music\Kaggle_data_hard\data\fake\fake_463.jpg,Fake
C:\Users\Shravani Gawali\Music\Kaggle_data_hard\data\fake\fake_464.jpg,Fake
C:\Users\Shravani Gawali\Music\Kaggle_data_hard\data\fake\fake_465.jpg,Fake
C:\Users\Shravani Gawali\Music\Kaggle_data_hard\data\fake\fake_466.jpg,Fake
C:\Users\Shravani Gawali\Music\Kaggle_data_hard\data\fake\fake_467.jpg,Fake
C:\Users\Shravani Gawali\Music\Kaggle_data_hard\data\fake\fake_468.jpg,Fake
C:\Users\Shravani Gawali\Music\Kaggle_data_hard\data\fake\fake_469.jpg,Fake
C:\Users\Shravani Gawali\Music\Kaggle_data_hard\data\fake\fake_47.jpg,Fake
C:\Users\Shravani Gawali\Music\Kaggle_data_hard\data\fake\fake_470.jpg,Fake
C:\Users\Shravani Gawali\Music\Kaggle_data_hard\data\fake\fake_471.jpg,Fake
C:\Users\Shravani Gawali\Music\Kaggle_data_hard\data\fake\fake_472.jpg,Fake
C:\Users\Shravani Gawali\Music\Kaggle_data_hard\data\fake\fake_473.jpg,Fake
C:\Users\Shravani Gawali\Music\Kaggle_data_hard\data\fake\fake_474.jpg,Fake
C:\Users\Shravani Gawali\Music\Kaggle_data_hard\data\fake\fake_475.jpg,Fake
C:\Users\Shravani Gawali\Music\Kaggle_data_hard\data\fake\fake_476.jpg,Fake
C:\Users\Shravani Gawali\Music\Kaggle_data_hard\data\fake\fake_477.jpg,Fake
C:\Users\Shravani Gawali\Music\Kaggle_data_hard\data\fake\fake_478.jpg,Fake
C:\Users\Shravani Gawali\Music\Kaggle_data_hard\data\fake\fake_479.jpg,Fake
C:\Users\Shravani Gawali\Music\Kaggle_data_hard\data\fake\fake_48.jpg,Fake
C:\Users\Shravani Gawali\Music\Kaggle_data_hard\data\fake\fake_480.jpg,Fake
C:\Users\Shravani Gawali\Music\Kaggle_data_hard\data\fake\fake_481.jpg,Fake
C:\Users\Shravani Gawali\Music\Kaggle_data_hard\data\fake\fake_482.jpg,Fake
C:\Users\Shravani Gawali\Music\Kaggle_data_hard\data\fake\fake_483.jpg,Fake
C:\Users\Shravani Gawali\Music\Kaggle_data_hard\data\fake\fake_484.jpg,Fake
C:\Users\Shravani Gawali\Music\Kaggle_data_hard\data\fake\fake_485.jpg,Fake
C:\Users\Shravani Gawali\Music\Kaggle_data_hard\data\fake\fake_486.jpg,Fake
C:\Users\Shravani Gawali\Music\Kaggle_data_hard\data\fake\fake_487.jpg,Fake
C:\Users\Shravani Gawali\Music\Kaggle_data_hard\data\fake\fake_488.jpg,Fake
C:\Users\Shravani Gawali\Music\Kaggle_data_hard\data\fake\fake_489.jpg,Fake
C:\Users\Shravani Gawali\Music\Kaggle_data_hard\data\fake\fake_49.jpg,Fake
C:\Users\Shravani Gawali\Music\Kaggle_data_hard\data\fake\fake_490.jpg,Fake
C:\Users\Shravani Gawali\Music\Kaggle_data_hard\data\fake\fake_491.jpg,Fake
C:\Users\Shravani Gawali\Music\Kaggle_data_hard\data\fake\fake_492.jpg,Fake
C:\Users\Shravani Gawali\Music\Kaggle_data_hard\data\fake\fake_493.jpg,Fake
C:\Users\Shravani Gawali\Music\Kaggle_data_hard\data\fake\fake_494.jpg,Fake
C:\Users\Shravani Gawali\Music\Kaggle_data_hard\data\fake\fake_495.jpg,Fake
C:\Users\Shravani Gawali\Music\Kaggle_data_hard\data\fake\fake_496.jpg,Fake
C:\Users\Shravani Gawali\Music\Kaggle_data_hard\data\fake\fake_497.jpg,Fake
C:\Users\Shravani Gawali\Music\Kaggle_data_hard\data\fake\fake_498.jpg,Fake
C:\Users\Shravani Gawali\Music\Kaggle_data_hard\data\fake\fake_499.jpg,Fake
C:\Users\Shravani Gawali\Music\Kaggle_data_hard\data\fake\fake_5.jpg,Fake
C:\Users\Shravani Gawali\Music\Kaggle_data_hard\data\fake\fake_50.jpg,Fake
C:\Users\Shravani Gawali\Music\Kaggle_data_hard\data\fake\fake_500.jpg,Fake
C:\Users\Shravani Gawali\Music\Kaggle_data_hard\data\fake\fake_501.jpg,Fake
C:\Users\Shravani Gawali\Music\Kaggle_data_hard\data\fake\fake_502.jpg,Fake
C:\Users\Shravani Gawali\Music\Kaggle_data_hard\data\fake\fake_503.jpg,Fake
C:\Users\Shravani Gawali\Music\Kaggle_data_hard\data\fake\fake_504.jpg,Fake
C:\Users\Shravani Gawali\Music\Kaggle_data_hard\data\fake\fake_505.jpg,Fake
C:\Users\Shravani Gawali\Music\Kaggle_data_hard\data\fake\fake_506.jpg,Fake
C:\Users\Shravani Gawali\Music\Kaggle_data_hard\data\fake\fake_507.jpg,Fake
C:\Users\Shravani Gawali\Music\Kaggle_data_hard\data\fake\fake_508.jpg,Fake
C:\Users\Shravani Gawali\Music\Kaggle_data_hard\data\fake\fake_509.jpg,Fake
C:\Users\Shravani Gawali\Music\Kaggle_data_hard\data\fake\fake_51.jpg,Fake
C:\Users\Shravani Gawali\Music\Kaggle_data_hard\data\fake\fake_510.jpg,Fake
C:\Users\Shravani Gawali\Music\Kaggle_data_hard\data\fake\fake_511.jpg,Fake
C:\Users\Shravani Gawali\Music\Kaggle_data_hard\data\fake\fake_512.jpg,Fake
C:\Users\Shravani Gawali\Music\Kaggle_data_hard\data\fake\fake_513.jpg,Fake
C:\Users\Shravani Gawali\Music\Kaggle_data_hard\data\fake\fake_514.jpg,Fake
C:\Users\Shravani Gawali\Music\Kaggle_data_hard\data\fake\fake_515.jpg,Fake
C:\Users\Shravani Gawali\Music\Kaggle_data_hard\data\fake\fake_516.jpg,Fake
C:\Users\Shravani Gawali\Music\Kaggle_data_hard\data\fake\fake_517.jpg,Fake
C:\Users\Shravani Gawali\Music\Kaggle_data_hard\data\fake\fake_518.jpg,Fake
C:\Users\Shravani Gawali\Music\Kaggle_data_hard\data\fake\fake_519.jpg,Fake
C:\Users\Shravani Gawali\Music\Kaggle_data_hard\data\fake\fake_52.jpg,Fake
C:\Users\Shravani Gawali\Music\Kaggle_data_hard\data\fake\fake_520.jpg,Fake
C:\Users\Shravani Gawali\Music\Kaggle_data_hard\data\fake\fake_521.jpg,Fake
C:\Users\Shravani Gawali\Music\Kaggle_data_hard\data\fake\fake_522.jpg,Fake
C:\Users\Shravani Gawali\Music\Kaggle_data_hard\data\fake\fake_523.jpg,Fake
C:\Users\Shravani Gawali\Music\Kaggle_data_hard\data\fake\fake_524.jpg,Fake
C:\Users\Shravani Gawali\Music\Kaggle_data_hard\data\fake\fake_525.jpg,Fake
C:\Users\Shravani Gawali\Music\Kaggle_data_hard\data\fake\fake_526.jpg,Fake
C:\Users\Shravani Gawali\Music\Kaggle_data_hard\data\fake\fake_527.jpg,Fake
C:\Users\Shravani Gawali\Music\Kaggle_data_hard\data\fake\fake_528.jpg,Fake
C:\Users\Shravani Gawali\Music\Kaggle_data_hard\data\fake\fake_529.jpg,Fake
C:\Users\Shravani Gawali\Music\Kaggle_data_hard\data\fake\fake_53.jpg,Fake
C:\Users\Shravani Gawali\Music\Kaggle_data_hard\data\fake\fake_530.jpg,Fake
C:\Users\Shravani Gawali\Music\Kaggle_data_hard\data\fake\fake_531.jpg,Fake
C:\Users\Shravani Gawali\Music\Kaggle_data_hard\data\fake\fake_532.jpg,Fake
C:\Users\Shravani Gawali\Music\Kaggle_data_hard\data\fake\fake_533.jpg,Fake
C:\Users\Shravani Gawali\Music\Kaggle_data_hard\data\fake\fake_534.jpg,Fake
C:\Users\Shravani Gawali\Music\Kaggle_data_hard\data\fake\fake_535.jpg,Fake
C:\Users\Shravani Gawali\Music\Kaggle_data_hard\data\fake\fake_536.jpg,Fake
C:\Users\Shravani Gawali\Music\Kaggle_data_hard\data\fake\fake_537.jpg,Fake
C:\Users\Shravani Gawali\Music\Kaggle_data_hard\data\fake\fake_538.jpg,Fake
C:\Users\Shravani Gawali\Music\Kaggle_data_hard\data\fake\fake_539.jpg,Fake
C:\Users\Shravani Gawali\Music\Kaggle_data_hard\data\fake\fake_54.jpg,Fake
C:\Users\Shravani Gawali\Music\Kaggle_data_hard\data\fake\fake_540.jpg,Fake
C:\Users\Shravani Gawali\Music\Kaggle_data_hard\data\fake\fake_541.jpg,Fake
C:\Users\Shravani Gawali\Music\Kaggle_data_hard\data\fake\fake_542.jpg,Fake
C:\Users\Shravani Gawali\Music\Kaggle_data_hard\data\fake\fake_543.jpg,Fake
C:\Users\Shravani Gawali\Music\Kaggle_data_hard\data\fake\fake_544.jpg,Fake
C:\Users\Shravani Gawali\Music\Kaggle_data_hard\data\fake\fake_545.jpg,Fake
C:\Users\Shravani Gawali\Music\Kaggle_data_hard\data\fake\fake_546.jpg,Fake
C:\Users\Shravani Gawali\Music\Kaggle_data_hard\data\fake\fake_547.jpg,Fake
C:\Users\Shravani Gawali\Music\Kaggle_data_hard\data\fake\fake_548.jpg,Fake
C:\Users\Shravani Gawali\Music\Kaggle_data_hard\data\fake\fake_549.jpg,Fake
C:\Users\Shravani Gawali\Music\Kaggle_data_hard\data\fake\fake_55.jpg,Fake
C:\Users\Shravani Gawali\Music\Kaggle_data_hard\data\fake\fake_550.jpg,Fake
C:\Users\Shravani Gawali\Music\Kaggle_data_hard\data\fake\fake_551.jpg,Fake
C:\Users\Shravani Gawali\Music\Kaggle_data_hard\data\fake\fake_552.jpg,Fake
C:\Users\Shravani Gawali\Music\Kaggle_data_hard\data\fake\fake_553.jpg,Fake
C:\Users\Shravani Gawali\Music\Kaggle_data_hard\data\fake\fake_554.jpg,Fake
C:\Users\Shravani Gawali\Music\Kaggle_data_hard\data\fake\fake_555.jpg,Fake
C:\Users\Shravani Gawali\Music\Kaggle_data_hard\data\fake\fake_556.jpg,Fake
C:\Users\Shravani Gawali\Music\Kaggle_data_hard\data\fake\fake_557.jpg,Fake
C:\Users\Shravani Gawali\Music\Kaggle_data_hard\data\fake\fake_558.jpg,Fake
C:\Users\Shravani Gawali\Music\Kaggle_data_hard\data\fake\fake_559.jpg,Fake
C:\Users\Shravani Gawali\Music\Kaggle_data_hard\data\fake\fake_56.jpg,Fake
C:\Users\Shravani Gawali\Music\Kaggle_data_hard\data\fake\fake_560.jpg,Fake
C:\Users\Shravani Gawali\Music\Kaggle_data_hard\data\fake\fake_561.jpg,Fake
C:\Users\Shravani Gawali\Music\Kaggle_data_hard\data\fake\fake_562.jpg,Fake
C:\Users\Shravani Gawali\Music\Kaggle_data_hard\data\fake\fake_563.jpg,Fake
C:\Users\Shravani Gawali\Music\Kaggle_data_hard\data\fake\fake_564.jpg,Fake
C:\Users\Shravani Gawali\Music\Kaggle_data_hard\data\fake\fake_565.jpg,Fake
C:\Users\Shravani Gawali\Music\Kaggle_data_hard\data\fake\fake_566.jpg,Fake
C:\Users\Shravani Gawali\Music\Kaggle_data_hard\data\fake\fake_567.jpg,Fake
C:\Users\Shravani Gawali\Music\Kaggle_data_hard\data\fake\fake_568.jpg,Fake
C:\Users\Shravani Gawali\Music\Kaggle_data_hard\data\fake\fake_569.jpg,Fake
C:\Users\Shravani Gawali\Music\Kaggle_data_hard\data\fake\fake_57.jpg,Fake
C:\Users\Shravani Gawali\Music\Kaggle_data_hard\data\fake\fake_570.jpg,Fake
C:\Users\Shravani Gawali\Music\Kaggle_data_hard\data\fake\fake_571.jpg,Fake
C:\Users\Shravani Gawali\Music\Kaggle_data_hard\data\fake\fake_572.jpg,Fake
C:\Users\Shravani Gawali\Music\Kaggle_data_hard\data\fake\fake_573.jpg,Fake
C:\Users\Shravani Gawali\Music\Kaggle_data_hard\data\fake\fake_574.jpg,Fake
C:\Users\Shravani Gawali\Music\Kaggle_data_hard\data\fake\fake_575.jpg,Fake
C:\Users\Shravani Gawali\Music\Kaggle_data_hard\data\fake\fake_576.jpg,Fake
C:\Users\Shravani Gawali\Music\Kaggle_data_hard\data\fake\fake_577.jpg,Fake
C:\Users\Shravani Gawali\Music\Kaggle_data_hard\data\fake\fake_578.jpg,Fake
C:\Users\Shravani Gawali\Music\Kaggle_data_hard\data\fake\fake_579.jpg,Fake
C:\Users\Shravani Gawali\Music\Kaggle_data_hard\data\fake\fake_58.jpg,Fake
C:\Users\Shravani Gawali\Music\Kaggle_data_hard\data\fake\fake_580.jpg,Fake
C:\Users\Shravani Gawali\Music\Kaggle_data_hard\data\fake\fake_581.jpg,Fake
C:\Users\Shravani Gawali\Music\Kaggle_data_hard\data\fake\fake_582.jpg,Fake
C:\Users\Shravani Gawali\Music\Kaggle_data_hard\data\fake\fake_583.jpg,Fake
C:\Users\Shravani Gawali\Music\Kaggle_data_hard\data\fake\fake_584.jpg,Fake
C:\Users\Shravani Gawali\Music\Kaggle_data_hard\data\fake\fake_585.jpg,Fake
C:\Users\Shravani Gawali\Music\Kaggle_data_hard\data\fake\fake_586.jpg,Fake
C:\Users\Shravani Gawali\Music\Kaggle_data_hard\data\fake\fake_587.jpg,Fake
C:\Users\Shravani Gawali\Music\Kaggle_data_hard\data\fake\fake_588.jpg,Fake
C:\Users\Shravani Gawali\Music\Kaggle_data_hard\data\fake\fake_589.jpg,Fake
C:\Users\Shravani Gawali\Music\Kaggle_data_hard\data\fake\fake_59.jpg,Fake
C:\Users\Shravani Gawali\Music\Kaggle_data_hard\data\fake\fake_590.jpg,Fake
C:\Users\Shravani Gawali\Music\Kaggle_data_hard\data\fake\fake_591.jpg,Fake
C:\Users\Shravani Gawali\Music\Kaggle_data_hard\data\fake\fake_592.jpg,Fake
C:\Users\Shravani Gawali\Music\Kaggle_data_hard\data\fake\fake_593.jpg,Fake
C:\Users\Shravani Gawali\Music\Kaggle_data_hard\data\fake\fake_594.jpg,Fake
C:\Users\Shravani Gawali\Music\Kaggle_data_hard\data\fake\fake_595.jpg,Fake
C:\Users\Shravani Gawali\Music\Kaggle_data_hard\data\fake\fake_596.jpg,Fake
C:\Users\Shravani Gawali\Music\Kaggle_data_hard\data\fake\fake_597.jpg,Fake
C:\Users\Shravani Gawali\Music\Kaggle_data_hard\data\fake\fake_598.jpg,Fake
C:\Users\Shravani Gawali\Music\Kaggle_data_hard\data\fake\fake_599.jpg,Fake
C:\Users\Shravani Gawali\Music\Kaggle_data_hard\data\fake\fake_6.jpg,Fake
C:\Users\Shravani Gawali\Music\Kaggle_data_hard\data\fake\fake_60.jpg,Fake
C:\Users\Shravani Gawali\Music\Kaggle_data_hard\data\fake\fake_600.jpg,Fake
C:\Users\Shravani Gawali\Music\Kaggle_data_hard\data\fake\fake_601.jpg,Fake
C:\Users\Shravani Gawali\Music\Kaggle_data_hard\data\fake\fake_602.jpg,Fake
C:\Users\Shravani Gawali\Music\Kaggle_data_hard\data\fake\fake_603.jpg,Fake
C:\Users\Shravani Gawali\Music\Kaggle_data_hard\data\fake\fake_604.jpg,Fake
C:\Users\Shravani Gawali\Music\Kaggle_data_hard\data\fake\fake_605.jpg,Fake
C:\Users\Shravani Gawali\Music\Kaggle_data_hard\data\fake\fake_606.jpg,Fake
C:\Users\Shravani Gawali\Music\Kaggle_data_hard\data\fake\fake_607.jpg,Fake
C:\Users\Shravani Gawali\Music\Kaggle_data_hard\data\fake\fake_608.jpg,Fake
C:\Users\Shravani Gawali\Music\Kaggle_data_hard\data\fake\fake_609.jpg,Fake
C:\Users\Shravani Gawali\Music\Kaggle_data_hard\data\fake\fake_61.jpg,Fake
C:\Users\Shravani Gawali\Music\Kaggle_data_hard\data\fake\fake_610.jpg,Fake
C:\Users\Shravani Gawali\Music\Kaggle_data_hard\data\fake\fake_611.jpg,Fake
C:\Users\Shravani Gawali\Music\Kaggle_data_hard\data\fake\fake_612.jpg,Fake
C:\Users\Shravani Gawali\Music\Kaggle_data_hard\data\fake\fake_613.jpg,Fake
C:\Users\Shravani Gawali\Music\Kaggle_data_hard\data\fake\fake_614.jpg,Fake
C:\Users\Shravani Gawali\Music\Kaggle_data_hard\data\fake\fake_615.jpg,Fake
C:\Users\Shravani Gawali\Music\Kaggle_data_hard\data\fake\fake_616.jpg,Fake
C:\Users\Shravani Gawali\Music\Kaggle_data_hard\data\fake\fake_617.jpg,Fake
C:\Users\Shravani Gawali\Music\Kaggle_data_hard\data\fake\fake_618.jpg,Fake
C:\Users\Shravani Gawali\Music\Kaggle_data_hard\data\fake\fake_619.jpg,Fake
C:\Users\Shravani Gawali\Music\Kaggle_data_hard\data\fake\fake_62.jpg,Fake
C:\Users\Shravani Gawali\Music\Kaggle_data_hard\data\fake\fake_620.jpg,Fake
C:\Users\Shravani Gawali\Music\Kaggle_data_hard\data\fake\fake_621.jpg,Fake
C:\Users\Shravani Gawali\Music\Kaggle_data_hard\data\fake\fake_622.jpg,Fake
C:\Users\Shravani Gawali\Music\Kaggle_data_hard\data\fake\fake_623.jpg,Fake
C:\Users\Shravani Gawali\Music\Kaggle_data_hard\data\fake\fake_624.jpg,Fake
C:\Users\Shravani Gawali\Music\Kaggle_data_hard\data\fake\fake_625.jpg,Fake
C:\Users\Shravani Gawali\Music\Kaggle_data_hard\data\fake\fake_626.jpg,Fake
C:\Users\Shravani Gawali\Music\Kaggle_data_hard\data\fake\fake_627.jpg,Fake
C:\Users\Shravani Gawali\Music\Kaggle_data_hard\data\fake\fake_628.jpg,Fake
C:\Users\Shravani Gawali\Music\Kaggle_data_hard\data\fake\fake_629.jpg,Fake
C:\Users\Shravani Gawali\Music\Kaggle_data_hard\data\fake\fake_63.jpg,Fake
C:\Users\Shravani Gawali\Music\Kaggle_data_hard\data\fake\fake_630.jpg,Fake
C:\Users\Shravani Gawali\Music\Kaggle_data_hard\data\fake\fake_631.jpg,Fake
C:\Users\Shravani Gawali\Music\Kaggle_data_hard\data\fake\fake_632.jpg,Fake
C:\Users\Shravani Gawali\Music\Kaggle_data_hard\data\fake\fake_633.jpg,Fake
C:\Users\Shravani Gawali\Music\Kaggle_data_hard\data\fake\fake_634.jpg,Fake
C:\Users\Shravani Gawali\Music\Kaggle_data_hard\data\fake\fake_635.jpg,Fake
C:\Users\Shravani Gawali\Music\Kaggle_data_hard\data\fake\fake_636.jpg,Fake
C:\Users\Shravani Gawali\Music\Kaggle_data_hard\data\fake\fake_637.jpg,Fake
C:\Users\Shravani Gawali\Music\Kaggle_data_hard\data\fake\fake_638.jpg,Fake
C:\Users\Shravani Gawali\Music\Kaggle_data_hard\data\fake\fake_639.jpg,Fake
C:\Users\Shravani Gawali\Music\Kaggle_data_hard\data\fake\fake_64.jpg,Fake
C:\Users\Shravani Gawali\Music\Kaggle_data_hard\data\fake\fake_640.jpg,Fake
C:\Users\Shravani Gawali\Music\Kaggle_data_hard\data\fake\fake_641.jpg,Fake
C:\Users\Shravani Gawali\Music\Kaggle_data_hard\data\fake\fake_642.jpg,Fake
C:\Users\Shravani Gawali\Music\Kaggle_data_hard\data\fake\fake_643.jpg,Fake
C:\Users\Shravani Gawali\Music\Kaggle_data_hard\data\fake\fake_644.jpg,Fake
C:\Users\Shravani Gawali\Music\Kaggle_data_hard\data\fake\fake_645.jpg,Fake
C:\Users\Shravani Gawali\Music\Kaggle_data_hard\data\fake\fake_646.jpg,Fake
C:\Users\Shravani Gawali\Music\Kaggle_data_hard\data\fake\fake_647.jpg,Fake
C:\Users\Shravani Gawali\Music\Kaggle_data_hard\data\fake\fake_648.jpg,Fake
C:\Users\Shravani Gawali\Music\Kaggle_data_hard\data\fake\fake_649.jpg,Fake
C:\Users\Shravani Gawali\Music\Kaggle_data_hard\data\fake\fake_65.jpg,Fake
C:\Users\Shravani Gawali\Music\Kaggle_data_hard\data\fake\fake_650.jpg,Fake
C:\Users\Shravani Gawali\Music\Kaggle_data_hard\data\fake\fake_651.jpg,Fake
C:\Users\Shravani Gawali\Music\Kaggle_data_hard\data\fake\fake_652.jpg,Fake
C:\Users\Shravani Gawali\Music\Kaggle_data_hard\data\fake\fake_653.jpg,Fake
C:\Users\Shravani Gawali\Music\Kaggle_data_hard\data\fake\fake_654.jpg,Fake
C:\Users\Shravani Gawali\Music\Kaggle_data_hard\data\fake\fake_655.jpg,Fake
C:\Users\Shravani Gawali\Music\Kaggle_data_hard\data\fake\fake_656.jpg,Fake
C:\Users\Shravani Gawali\Music\Kaggle_data_hard\data\fake\fake_657.jpg,Fake
C:\Users\Shravani Gawali\Music\Kaggle_data_hard\data\fake\fake_658.jpg,Fake
C:\Users\Shravani Gawali\Music\Kaggle_data_hard\data\fake\fake_659.jpg,Fake
C:\Users\Shravani Gawali\Music\Kaggle_data_hard\data\fake\fake_66.jpg,Fake
C:\Users\Shravani Gawali\Music\Kaggle_data_hard\data\fake\fake_660.jpg,Fake
C:\Users\Shravani Gawali\Music\Kaggle_data_hard\data\fake\fake_661.jpg,Fake
C:\Users\Shravani Gawali\Music\Kaggle_data_hard\data\fake\fake_662.jpg,Fake
C:\Users\Shravani Gawali\Music\Kaggle_data_hard\data\fake\fake_663.jpg,Fake
C:\Users\Shravani Gawali\Music\Kaggle_data_hard\data\fake\fake_664.jpg,Fake
C:\Users\Shravani Gawali\Music\Kaggle_data_hard\data\fake\fake_665.jpg,Fake
C:\Users\Shravani Gawali\Music\Kaggle_data_hard\data\fake\fake_666.jpg,Fake
C:\Users\Shravani Gawali\Music\Kaggle_data_hard\data\fake\fake_667.jpg,Fake
C:\Users\Shravani Gawali\Music\Kaggle_data_hard\data\fake\fake_668.jpg,Fake
C:\Users\Shravani Gawali\Music\Kaggle_data_hard\data\fake\fake_669.jpg,Fake
C:\Users\Shravani Gawali\Music\Kaggle_data_hard\data\fake\fake_67.jpg,Fake
C:\Users\Shravani Gawali\Music\Kaggle_data_hard\data\fake\fake_670.jpg,Fake
C:\Users\Shravani Gawali\Music\Kaggle_data_hard\data\fake\fake_671.jpg,Fake
C:\Users\Shravani Gawali\Music\Kaggle_data_hard\data\fake\fake_672.jpg,Fake
C:\Users\Shravani Gawali\Music\Kaggle_data_hard\data\fake\fake_673.jpg,Fake
C:\Users\Shravani Gawali\Music\Kaggle_data_hard\data\fake\fake_674.jpg,Fake
C:\Users\Shravani Gawali\Music\Kaggle_data_hard\data\fake\fake_675.jpg,Fake
C:\Users\Shravani Gawali\Music\Kaggle_data_hard\data\fake\fake_676.jpg,Fake
C:\Users\Shravani Gawali\Music\Kaggle_data_hard\data\fake\fake_677.jpg,Fake
C:\Users\Shravani Gawali\Music\Kaggle_data_hard\data\fake\fake_678.jpg,Fake
C:\Users\Shravani Gawali\Music\Kaggle_data_hard\data\fake\fake_679.jpg,Fake
C:\Users\Shravani Gawali\Music\Kaggle_data_hard\data\fake\fake_68.jpg,Fake
C:\Users\Shravani Gawali\Music\Kaggle_data_hard\data\fake\fake_680.jpg,Fake
C:\Users\Shravani Gawali\Music\Kaggle_data_hard\data\fake\fake_681.jpg,Fake
C:\Users\Shravani Gawali\Music\Kaggle_data_hard\data\fake\fake_682.jpg,Fake
C:\Users\Shravani Gawali\Music\Kaggle_data_hard\data\fake\fake_683.jpg,Fake
C:\Users\Shravani Gawali\Music\Kaggle_data_hard\data\fake\fake_684.jpg,Fake
C:\Users\Shravani Gawali\Music\Kaggle_data_hard\data\fake\fake_685.jpg,Fake
C:\Users\Shravani Gawali\Music\Kaggle_data_hard\data\fake\fake_686.jpg,Fake
C:\Users\Shravani Gawali\Music\Kaggle_data_hard\data\fake\fake_687.jpg,Fake
C:\Users\Shravani Gawali\Music\Kaggle_data_hard\data\fake\fake_688.jpg,Fake
C:\Users\Shravani Gawali\Music\Kaggle_data_hard\data\fake\fake_689.jpg,Fake
C:\Users\Shravani Gawali\Music\Kaggle_data_hard\data\fake\fake_69.jpg,Fake
C:\Users\Shravani Gawali\Music\Kaggle_data_hard\data\fake\fake_690.jpg,Fake
C:\Users\Shravani Gawali\Music\Kaggle_data_hard\data\fake\fake_691.jpg,Fake
C:\Users\Shravani Gawali\Music\Kaggle_data_hard\data\fake\fake_692.jpg,Fake
C:\Users\Shravani Gawali\Music\Kaggle_data_hard\data\fake\fake_693.jpg,Fake
C:\Users\Shravani Gawali\Music\Kaggle_data_hard\data\fake\fake_694.jpg,Fake
C:\Users\Shravani Gawali\Music\Kaggle_data_hard\data\fake\fake_695.jpg,Fake
C:\Users\Shravani Gawali\Music\Kaggle_data_hard\data\fake\fake_696.jpg,Fake
C:\Users\Shravani Gawali\Music\Kaggle_data_hard\data\fake\fake_697.jpg,Fake
C:\Users\Shravani Gawali\Music\Kaggle_data_hard\data\fake\fake_698.jpg,Fake
C:\Users\Shravani Gawali\Music\Kaggle_data_hard\data\fake\fake_699.jpg,Fake
C:\Users\Shravani Gawali\Music\Kaggle_data_hard\data\fake\fake_7.jpg,Fake
C:\Users\Shravani Gawali\Music\Kaggle_data_hard\data\fake\fake_70.jpg,Fake
C:\Users\Shravani Gawali\Music\Kaggle_data_hard\data\fake\fake_700.jpg,Fake
C:\Users\Shravani Gawali\Music\Kaggle_data_hard\data\fake\fake_71.jpg,Fake
C:\Users\Shravani Gawali\Music\Kaggle_data_hard\data\fake\fake_72.jpg,Fake
C:\Users\Shravani Gawali\Music\Kaggle_data_hard\data\fake\fake_73.jpg,Fake
C:\Users\Shravani Gawali\Music\Kaggle_data_hard\data\fake\fake_74.jpg,Fake
C:\Users\Shravani Gawali\Music\Kaggle_data_hard\data\fake\fake_75.jpg,Fake
C:\Users\Shravani Gawali\Music\Kaggle_data_hard\data\fake\fake_76.jpg,Fake
C:\Users\Shravani Gawali\Music\Kaggle_data_hard\data\fake\fake_77.jpg,Fake
C:\Users\Shravani Gawali\Music\Kaggle_data_hard\data\fake\fake_78.jpg,Fake
C:\Users\Shravani Gawali\Music\Kaggle_data_hard\data\fake\fake_79.jpg,Fake
C:\Users\Shravani Gawali\Music\Kaggle_data_hard\data\fake\fake_8.jpg,Fake
C:\Users\Shravani Gawali\Music\Kaggle_data_hard\data\fake\fake_80.jpg,Fake
C:\Users\Shravani Gawali\Music\Kaggle_data_hard\data\fake\fake_81.jpg,Fake
C:\Users\Shravani Gawali\Music\Kaggle_data_hard\data\fake\fake_82.jpg,Fake
C:\Users\Shravani Gawali\Music\Kaggle_data_hard\data\fake\fake_83.jpg,Fake
C:\Users\Shravani Gawali\Music\Kaggle_data_hard\data\fake\fake_84.jpg,Fake
C:\Users\Shravani Gawali\Music\Kaggle_data_hard\data\fake\fake_85.jpg,Fake
C:\Users\Shravani Gawali\Music\Kaggle_data_hard\data\fake\fake_86.jpg,Fake
C:\Users\Shravani Gawali\Music\Kaggle_data_hard\data\fake\fake_87.jpg,Fake
C:\Users\Shravani Gawali\Music\Kaggle_data_hard\data\fake\fake_88.jpg,Fake
C:\Users\Shravani Gawali\Music\Kaggle_data_hard\data\fake\fake_89.jpg,Fake
C:\Users\Shravani Gawali\Music\Kaggle_data_hard\data\fake\fake_9.jpg,Fake
C:\Users\Shravani Gawali\Music\Kaggle_data_hard\data\fake\fake_90.jpg,Fake
C:\Users\Shravani Gawali\Music\Kaggle_data_hard\data\fake\fake_91.jpg,Fake
C:\Users\Shravani Gawali\Music\Kaggle_data_hard\data\fake\fake_92.jpg,Fake
C:\Users\Shravani Gawali\Music\Kaggle_data_hard\data\fake\fake_93.jpg,Fake
C:\Users\Shravani Gawali\Music\Kaggle_data_hard\data\fake\fake_94.jpg,Fake
C:\Users\Shravani Gawali\Music\Kaggle_data_hard\data\fake\fake_95.jpg,Fake
C:\Users\Shravani Gawali\Music\Kaggle_data_hard\data\fake\fake_96.jpg,Fake
C:\Users\Shravani Gawali\Music\Kaggle_data_hard\data\fake\fake_97.jpg,Fake
C:\Users\Shravani Gawali\Music\Kaggle_data_hard\data\fake\fake_98.jpg,Fake
C:\Users\Shravani Gawali\Music\Kaggle_data_hard\data\fake\fake_99.jpg,Fake
C:\Users\Shravani Gawali\Music\Kaggle_data_hard\data\real\real_1.jpg,Real
C:\Users\Shravani Gawali\Music\Kaggle_data_hard\data\real\real_10.jpg,Real
C:\Users\Shravani Gawali\Music\Kaggle_data_hard\data\real\real_100.jpg,Real
C:\Users\Shravani Gawali\Music\Kaggle_data_hard\data\real\real_101.jpg,Real
C:\Users\Shravani Gawali\Music\Kaggle_data_hard\data\real\real_102.jpg,Real
C:\Users\Shravani Gawali\Music\Kaggle_data_hard\data\real\real_103.jpg,Real
C:\Users\Shravani Gawali\Music\Kaggle_data_hard\data\real\real_104.jpg,Real
C:\Users\Shravani Gawali\Music\Kaggle_data_hard\data\real\real_105.jpg,Real
C:\Users\Shravani Gawali\Music\Kaggle_data_hard\data\real\real_106.jpg,Real
C:\Users\Shravani Gawali\Music\Kaggle_data_hard\data\real\real_107.jpg,Real
C:\Users\Shravani Gawali\Music\Kaggle_data_hard\data\real\real_108.jpg,Real
C:\Users\Shravani Gawali\Music\Kaggle_data_hard\data\real\real_109.jpg,Real
C:\Users\Shravani Gawali\Music\Kaggle_data_hard\data\real\real_11.jpg,Real
C:\Users\Shravani Gawali\Music\Kaggle_data_hard\data\real\real_110.jpg,Real
C:\Users\Shravani Gawali\Music\Kaggle_data_hard\data\real\real_111.jpg,Real
C:\Users\Shravani Gawali\Music\Kaggle_data_hard\data\real\real_112.jpg,Real
C:\Users\Shravani Gawali\Music\Kaggle_data_hard\data\real\real_113.jpg,Real
C:\Users\Shravani Gawali\Music\Kaggle_data_hard\data\real\real_114.jpg,Real
C:\Users\Shravani Gawali\Music\Kaggle_data_hard\data\real\real_115.jpg,Real
C:\Users\Shravani Gawali\Music\Kaggle_data_hard\data\real\real_116.jpg,Real
C:\Users\Shravani Gawali\Music\Kaggle_data_hard\data\real\real_117.jpg,Real
C:\Users\Shravani Gawali\Music\Kaggle_data_hard\data\real\real_118.jpg,Real
C:\Users\Shravani Gawali\Music\Kaggle_data_hard\data\real\real_119.jpg,Real
C:\Users\Shravani Gawali\Music\Kaggle_data_hard\data\real\real_12.jpg,Real
C:\Users\Shravani Gawali\Music\Kaggle_data_hard\data\real\real_120.jpg,Real
C:\Users\Shravani Gawali\Music\Kaggle_data_hard\data\real\real_121.jpg,Real
C:\Users\Shravani Gawali\Music\Kaggle_data_hard\data\real\real_122.jpg,Real
C:\Users\Shravani Gawali\Music\Kaggle_data_hard\data\real\real_123.jpg,Real
C:\Users\Shravani Gawali\Music\Kaggle_data_hard\data\real\real_124.jpg,Real
C:\Users\Shravani Gawali\Music\Kaggle_data_hard\data\real\real_125.jpg,Real
C:\Users\Shravani Gawali\Music\Kaggle_data_hard\data\real\real_126.jpg,Real
C:\Users\Shravani Gawali\Music\Kaggle_data_hard\data\real\real_127.jpg,Real
C:\Users\Shravani Gawali\Music\Kaggle_data_hard\data\real\real_128.jpg,Real
C:\Users\Shravani Gawali\Music\Kaggle_data_hard\data\real\real_129.jpg,Real
C:\Users\Shravani Gawali\Music\Kaggle_data_hard\data\real\real_13.jpg,Real
C:\Users\Shravani Gawali\Music\Kaggle_data_hard\data\real\real_130.jpg,Real
C:\Users\Shravani Gawali\Music\Kaggle_data_hard\data\real\real_131.jpg,Real
C:\Users\Shravani Gawali\Music\Kaggle_data_hard\data\real\real_132.jpg,Real
C:\Users\Shravani Gawali\Music\Kaggle_data_hard\data\real\real_133.jpg,Real
C:\Users\Shravani Gawali\Music\Kaggle_data_hard\data\real\real_134.jpg,Real
C:\Users\Shravani Gawali\Music\Kaggle_data_hard\data\real\real_135.jpg,Real
C:\Users\Shravani Gawali\Music\Kaggle_data_hard\data\real\real_136.jpg,Real
C:\Users\Shravani Gawali\Music\Kaggle_data_hard\data\real\real_137.jpg,Real
C:\Users\Shravani Gawali\Music\Kaggle_data_hard\data\real\real_138.jpg,Real
C:\Users\Shravani Gawali\Music\Kaggle_data_hard\data\real\real_139.jpg,Real
C:\Users\Shravani Gawali\Music\Kaggle_data_hard\data\real\real_14.jpg,Real
C:\Users\Shravani Gawali\Music\Kaggle_data_hard\data\real\real_140.jpg,Real
C:\Users\Shravani Gawali\Music\Kaggle_data_hard\data\real\real_141.jpg,Real
C:\Users\Shravani Gawali\Music\Kaggle_data_hard\data\real\real_142.jpg,Real
C:\Users\Shravani Gawali\Music\Kaggle_data_hard\data\real\real_143.jpg,Real
C:\Users\Shravani Gawali\Music\Kaggle_data_hard\data\real\real_144.jpg,Real
C:\Users\Shravani Gawali\Music\Kaggle_data_hard\data\real\real_145.jpg,Real
C:\Users\Shravani Gawali\Music\Kaggle_data_hard\data\real\real_146.jpg,Real
C:\Users\Shravani Gawali\Music\Kaggle_data_hard\data\real\real_147.jpg,Real
C:\Users\Shravani Gawali\Music\Kaggle_data_hard\data\real\real_148.jpg,Real
C:\Users\Shravani Gawali\Music\Kaggle_data_hard\data\real\real_149.jpg,Real
C:\Users\Shravani Gawali\Music\Kaggle_data_hard\data\real\real_15.jpg,Real
C:\Users\Shravani Gawali\Music\Kaggle_data_hard\data\real\real_150.jpg,Real
C:\Users\Shravani Gawali\Music\Kaggle_data_hard\data\real\real_151.jpg,Real
C:\Users\Shravani Gawali\Music\Kaggle_data_hard\data\real\real_152.jpg,Real
C:\Users\Shravani Gawali\Music\Kaggle_data_hard\data\real\real_153.jpg,Real
C:\Users\Shravani Gawali\Music\Kaggle_data_hard\data\real\real_154.jpg,Real
C:\Users\Shravani Gawali\Music\Kaggle_data_hard\data\real\real_155.jpg,Real
C:\Users\Shravani Gawali\Music\Kaggle_data_hard\data\real\real_156.jpg,Real
C:\Users\Shravani Gawali\Music\Kaggle_data_hard\data\real\real_157.jpg,Real
C:\Users\Shravani Gawali\Music\Kaggle_data_hard\data\real\real_158.jpg,Real
C:\Users\Shravani Gawali\Music\Kaggle_data_hard\data\real\real_159.jpg,Real
C:\Users\Shravani Gawali\Music\Kaggle_data_hard\data\real\real_16.jpg,Real
C:\Users\Shravani Gawali\Music\Kaggle_data_hard\data\real\real_160.jpg,Real
C:\Users\Shravani Gawali\Music\Kaggle_data_hard\data\real\real_161.jpg,Real
C:\Users\Shravani Gawali\Music\Kaggle_data_hard\data\real\real_162.jpg,Real
C:\Users\Shravani Gawali\Music\Kaggle_data_hard\data\real\real_163.jpg,Real
C:\Users\Shravani Gawali\Music\Kaggle_data_hard\data\real\real_164.jpg,Real
C:\Users\Shravani Gawali\Music\Kaggle_data_hard\data\real\real_165.jpg,Real
C:\Users\Shravani Gawali\Music\Kaggle_data_hard\data\real\real_166.jpg,Real
C:\Users\Shravani Gawali\Music\Kaggle_data_hard\data\real\real_167.jpg,Real
C:\Users\Shravani Gawali\Music\Kaggle_data_hard\data\real\real_168.jpg,Real
C:\Users\Shravani Gawali\Music\Kaggle_data_hard\data\real\real_169.jpg,Real
C:\Users\Shravani Gawali\Music\Kaggle_data_hard\data\real\real_17.jpg,Real
C:\Users\Shravani Gawali\Music\Kaggle_data_hard\data\real\real_170.jpg,Real
C:\Users\Shravani Gawali\Music\Kaggle_data_hard\data\real\real_171.jpg,Real
C:\Users\Shravani Gawali\Music\Kaggle_data_hard\data\real\real_172.jpg,Real
C:\Users\Shravani Gawali\Music\Kaggle_data_hard\data\real\real_173.jpg,Real
C:\Users\Shravani Gawali\Music\Kaggle_data_hard\data\real\real_174.jpg,Real
C:\Users\Shravani Gawali\Music\Kaggle_data_hard\data\real\real_175.jpg,Real
C:\Users\Shravani Gawali\Music\Kaggle_data_hard\data\real\real_176.jpg,Real
C:\Users\Shravani Gawali\Music\Kaggle_data_hard\data\real\real_177.jpg,Real
C:\Users\Shravani Gawali\Music\Kaggle_data_hard\data\real\real_178.jpg,Real
C:\Users\Shravani Gawali\Music\Kaggle_data_hard\data\real\real_179.jpg,Real
C:\Users\Shravani Gawali\Music\Kaggle_data_hard\data\real\real_18.jpg,Real
C:\Users\Shravani Gawali\Music\Kaggle_data_hard\data\real\real_180.jpg,Real
C:\Users\Shravani Gawali\Music\Kaggle_data_hard\data\real\real_181.jpg,Real
C:\Users\Shravani Gawali\Music\Kaggle_data_hard\data\real\real_182.jpg,Real
C:\Users\Shravani Gawali\Music\Kaggle_data_hard\data\real\real_183.jpg,Real
C:\Users\Shravani Gawali\Music\Kaggle_data_hard\data\real\real_184.jpg,Real
C:\Users\Shravani Gawali\Music\Kaggle_data_hard\data\real\real_185.jpg,Real
C:\Users\Shravani Gawali\Music\Kaggle_data_hard\data\real\real_186.jpg,Real
C:\Users\Shravani Gawali\Music\Kaggle_data_hard\data\real\real_187.jpg,Real
C:\Users\Shravani Gawali\Music\Kaggle_data_hard\data\real\real_188.jpg,Real
C:\Users\Shravani Gawali\Music\Kaggle_data_hard\data\real\real_189.jpg,Real
C:\Users\Shravani Gawali\Music\Kaggle_data_hard\data\real\real_19.jpg,Real
C:\Users\Shravani Gawali\Music\Kaggle_data_hard\data\real\real_190.jpg,Real
C:\Users\Shravani Gawali\Music\Kaggle_data_hard\data\real\real_191.jpg,Real
C:\Users\Shravani Gawali\Music\Kaggle_data_hard\data\real\real_192.jpg,Real
C:\Users\Shravani Gawali\Music\Kaggle_data_hard\data\real\real_193.jpg,Real
C:\Users\Shravani Gawali\Music\Kaggle_data_hard\data\real\real_194.jpg,Real
C:\Users\Shravani Gawali\Music\Kaggle_data_hard\data\real\real_195.jpg,Real
C:\Users\Shravani Gawali\Music\Kaggle_data_hard\data\real\real_196.jpg,Real
C:\Users\Shravani Gawali\Music\Kaggle_data_hard\data\real\real_197.jpg,Real
C:\Users\Shravani Gawali\Music\Kaggle_data_hard\data\real\real_198.jpg,Real
C:\Users\Shravani Gawali\Music\Kaggle_data_hard\data\real\real_199.jpg,Real
C:\Users\Shravani Gawali\Music\Kaggle_data_hard\data\real\real_2.jpg,Real
C:\Users\Shravani Gawali\Music\Kaggle_data_hard\data\real\real_20.jpg,Real
C:\Users\Shravani Gawali\Music\Kaggle_data_hard\data\real\real_200.jpg,Real
C:\Users\Shravani Gawali\Music\Kaggle_data_hard\data\real\real_201.jpg,Real
C:\Users\Shravani Gawali\Music\Kaggle_data_hard\data\real\real_202.jpg,Real
C:\Users\Shravani Gawali\Music\Kaggle_data_hard\data\real\real_203.jpg,Real
C:\Users\Shravani Gawali\Music\Kaggle_data_hard\data\real\real_204.jpg,Real
C:\Users\Shravani Gawali\Music\Kaggle_data_hard\data\real\real_205.jpg,Real
C:\Users\Shravani Gawali\Music\Kaggle_data_hard\data\real\real_206.jpg,Real
C:\Users\Shravani Gawali\Music\Kaggle_data_hard\data\real\real_207.jpg,Real
C:\Users\Shravani Gawali\Music\Kaggle_data_hard\data\real\real_208.jpg,Real
C:\Users\Shravani Gawali\Music\Kaggle_data_hard\data\real\real_209.jpg,Real
C:\Users\Shravani Gawali\Music\Kaggle_data_hard\data\real\real_21.jpg,Real
C:\Users\Shravani Gawali\Music\Kaggle_data_hard\data\real\real_210.jpg,Real
C:\Users\Shravani Gawali\Music\Kaggle_data_hard\data\real\real_211.jpg,Real
C:\Users\Shravani Gawali\Music\Kaggle_data_hard\data\real\real_212.jpg,Real
C:\Users\Shravani Gawali\Music\Kaggle_data_hard\data\real\real_213.jpg,Real
C:\Users\Shravani Gawali\Music\Kaggle_data_hard\data\real\real_214.jpg,Real
C:\Users\Shravani Gawali\Music\Kaggle_data_hard\data\real\real_215.jpg,Real
C:\Users\Shravani Gawali\Music\Kaggle_data_hard\data\real\real_216.jpg,Real
C:\Users\Shravani Gawali\Music\Kaggle_data_hard\data\real\real_217.jpg,Real
C:\Users\Shravani Gawali\Music\Kaggle_data_hard\data\real\real_218.jpg,Real
C:\Users\Shravani Gawali\Music\Kaggle_data_hard\data\real\real_219.jpg,Real
C:\Users\Shravani Gawali\Music\Kaggle_data_hard\data\real\real_22.jpg,Real
C:\Users\Shravani Gawali\Music\Kaggle_data_hard\data\real\real_220.jpg,Real
C:\Users\Shravani Gawali\Music\Kaggle_data_hard\data\real\real_221.jpg,Real
C:\Users\Shravani Gawali\Music\Kaggle_data_hard\data\real\real_222.jpg,Real
C:\Users\Shravani Gawali\Music\Kaggle_data_hard\data\real\real_223.jpg,Real
C:\Users\Shravani Gawali\Music\Kaggle_data_hard\data\real\real_224.jpg,Real
C:\Users\Shravani Gawali\Music\Kaggle_data_hard\data\real\real_225.jpg,Real
C:\Users\Shravani Gawali\Music\Kaggle_data_hard\data\real\real_226.jpg,Real
C:\Users\Shravani Gawali\Music\Kaggle_data_hard\data\real\real_227.jpg,Real
C:\Users\Shravani Gawali\Music\Kaggle_data_hard\data\real\real_228.jpg,Real
C:\Users\Shravani Gawali\Music\Kaggle_data_hard\data\real\real_229.jpg,Real
C:\Users\Shravani Gawali\Music\Kaggle_data_hard\data\real\real_23.jpg,Real
C:\Users\Shravani Gawali\Music\Kaggle_data_hard\data\real\real_230.jpg,Real
C:\Users\Shravani Gawali\Music\Kaggle_data_hard\data\real\real_231.jpg,Real
C:\Users\Shravani Gawali\Music\Kaggle_data_hard\data\real\real_232.jpg,Real
C:\Users\Shravani Gawali\Music\Kaggle_data_hard\data\real\real_233.jpg,Real
C:\Users\Shravani Gawali\Music\Kaggle_data_hard\data\real\real_234.jpg,Real
C:\Users\Shravani Gawali\Music\Kaggle_data_hard\data\real\real_235.jpg,Real
C:\Users\Shravani Gawali\Music\Kaggle_data_hard\data\real\real_236.jpg,Real
C:\Users\Shravani Gawali\Music\Kaggle_data_hard\data\real\real_237.jpg,Real
C:\Users\Shravani Gawali\Music\Kaggle_data_hard\data\real\real_238.jpg,Real
C:\Users\Shravani Gawali\Music\Kaggle_data_hard\data\real\real_239.jpg,Real
C:\Users\Shravani Gawali\Music\Kaggle_data_hard\data\real\real_24.jpg,Real
C:\Users\Shravani Gawali\Music\Kaggle_data_hard\data\real\real_240.jpg,Real
C:\Users\Shravani Gawali\Music\Kaggle_data_hard\data\real\real_241.jpg,Real
C:\Users\Shravani Gawali\Music\Kaggle_data_hard\data\real\real_242.jpg,Real
C:\Users\Shravani Gawali\Music\Kaggle_data_hard\data\real\real_243.jpg,Real
C:\Users\Shravani Gawali\Music\Kaggle_data_hard\data\real\real_244.jpg,Real
C:\Users\Shravani Gawali\Music\Kaggle_data_hard\data\real\real_245.jpg,Real
C:\Users\Shravani Gawali\Music\Kaggle_data_hard\data\real\real_246.jpg,Real
C:\Users\Shravani Gawali\Music\Kaggle_data_hard\data\real\real_247.jpg,Real
C:\Users\Shravani Gawali\Music\Kaggle_data_hard\data\real\real_248.jpg,Real
C:\Users\Shravani Gawali\Music\Kaggle_data_hard\data\real\real_249.jpg,Real
C:\Users\Shravani Gawali\Music\Kaggle_data_hard\data\real\real_25.jpg,Real
C:\Users\Shravani Gawali\Music\Kaggle_data_hard\data\real\real_250.jpg,Real
C:\Users\Shravani Gawali\Music\Kaggle_data_hard\data\real\real_251.jpg,Real
C:\Users\Shravani Gawali\Music\Kaggle_data_hard\data\real\real_252.jpg,Real
C:\Users\Shravani Gawali\Music\Kaggle_data_hard\data\real\real_253.jpg,Real
C:\Users\Shravani Gawali\Music\Kaggle_data_hard\data\real\real_254.jpg,Real
C:\Users\Shravani Gawali\Music\Kaggle_data_hard\data\real\real_255.jpg,Real
C:\Users\Shravani Gawali\Music\Kaggle_data_hard\data\real\real_256.jpg,Real
C:\Users\Shravani Gawali\Music\Kaggle_data_hard\data\real\real_257.jpg,Real
C:\Users\Shravani Gawali\Music\Kaggle_data_hard\data\real\real_258.jpg,Real
C:\Users\Shravani Gawali\Music\Kaggle_data_hard\data\real\real_259.jpg,Real
C:\Users\Shravani Gawali\Music\Kaggle_data_hard\data\real\real_26.jpg,Real
C:\Users\Shravani Gawali\Music\Kaggle_data_hard\data\real\real_260.jpg,Real
C:\Users\Shravani Gawali\Music\Kaggle_data_hard\data\real\real_261.jpg,Real
C:\Users\Shravani Gawali\Music\Kaggle_data_hard\data\real\real_262.jpg,Real
C:\Users\Shravani Gawali\Music\Kaggle_data_hard\data\real\real_263.jpg,Real
C:\Users\Shravani Gawali\Music\Kaggle_data_hard\data\real\real_264.jpg,Real
C:\Users\Shravani Gawali\Music\Kaggle_data_hard\data\real\real_265.jpg,Real
C:\Users\Shravani Gawali\Music\Kaggle_data_hard\data\real\real_266.jpg,Real
C:\Users\Shravani Gawali\Music\Kaggle_data_hard\data\real\real_267.jpg,Real
C:\Users\Shravani Gawali\Music\Kaggle_data_hard\data\real\real_268.jpg,Real
C:\Users\Shravani Gawali\Music\Kaggle_data_hard\data\real\real_269.jpg,Real
C:\Users\Shravani Gawali\Music\Kaggle_data_hard\data\real\real_27.jpg,Real
C:\Users\Shravani Gawali\Music\Kaggle_data_hard\data\real\real_270.jpg,Real
C:\Users\Shravani Gawali\Music\Kaggle_data_hard\data\real\real_271.jpg,Real
C:\Users\Shravani Gawali\Music\Kaggle_data_hard\data\real\real_272.jpg,Real
C:\Users\Shravani Gawali\Music\Kaggle_data_hard\data\real\real_273.jpg,Real
C:\Users\Shravani Gawali\Music\Kaggle_data_hard\data\real\real_274.jpg,Real
C:\Users\Shravani Gawali\Music\Kaggle_data_hard\data\real\real_275.jpg,Real
C:\Users\Shravani Gawali\Music\Kaggle_data_hard\data\real\real_276.jpg,Real
C:\Users\Shravani Gawali\Music\Kaggle_data_hard\data\real\real_277.jpg,Real
C:\Users\Shravani Gawali\Music\Kaggle_data_hard\data\real\real_278.jpg,Real
C:\Users\Shravani Gawali\Music\Kaggle_data_hard\data\real\real_279.jpg,Real
C:\Users\Shravani Gawali\Music\Kaggle_data_hard\data\real\real_28.jpg,Real
C:\Users\Shravani Gawali\Music\Kaggle_data_hard\data\real\real_280.jpg,Real
C:\Users\Shravani Gawali\Music\Kaggle_data_hard\data\real\real_281.jpg,Real
C:\Users\Shravani Gawali\Music\Kaggle_data_hard\data\real\real_282.jpg,Real
C:\Users\Shravani Gawali\Music\Kaggle_data_hard\data\real\real_283.jpg,Real
C:\Users\Shravani Gawali\Music\Kaggle_data_hard\data\real\real_284.jpg,Real
C:\Users\Shravani Gawali\Music\Kaggle_data_hard\data\real\real_285.jpg,Real
C:\Users\Shravani Gawali\Music\Kaggle_data_hard\data\real\real_286.jpg,Real
C:\Users\Shravani Gawali\Music\Kaggle_data_hard\data\real\real_287.jpg,Real
C:\Users\Shravani Gawali\Music\Kaggle_data_hard\data\real\real_288.jpg,Real
C:\Users\Shravani Gawali\Music\Kaggle_data_hard\data\real\real_289.jpg,Real
C:\Users\Shravani Gawali\Music\Kaggle_data_hard\data\real\real_29.jpg,Real
C:\Users\Shravani Gawali\Music\Kaggle_data_hard\data\real\real_290.jpg,Real
C:\Users\Shravani Gawali\Music\Kaggle_data_hard\data\real\real_291.jpg,Real
C:\Users\Shravani Gawali\Music\Kaggle_data_hard\data\real\real_292.jpg,Real
C:\Users\Shravani Gawali\Music\Kaggle_data_hard\data\real\real_293.jpg,Real
C:\Users\Shravani Gawali\Music\Kaggle_data_hard\data\real\real_294.jpg,Real
C:\Users\Shravani Gawali\Music\Kaggle_data_hard\data\real\real_295.jpg,Real
C:\Users\Shravani Gawali\Music\Kaggle_data_hard\data\real\real_296.jpg,Real
C:\Users\Shravani Gawali\Music\Kaggle_data_hard\data\real\real_297.jpg,Real
C:\Users\Shravani Gawali\Music\Kaggle_data_hard\data\real\real_298.jpg,Real
C:\Users\Shravani Gawali\Music\Kaggle_data_hard\data\real\real_299.jpg,Real
C:\Users\Shravani Gawali\Music\Kaggle_data_hard\data\real\real_3.jpg,Real
C:\Users\Shravani Gawali\Music\Kaggle_data_hard\data\real\real_30.jpg,Real
C:\Users\Shravani Gawali\Music\Kaggle_data_hard\data\real\real_300.jpg,Real
C:\Users\Shravani Gawali\Music\Kaggle_data_hard\data\real\real_301.jpg,Real
C:\Users\Shravani Gawali\Music\Kaggle_data_hard\data\real\real_302.jpg,Real
C:\Users\Shravani Gawali\Music\Kaggle_data_hard\data\real\real_303.jpg,Real
C:\Users\Shravani Gawali\Music\Kaggle_data_hard\data\real\real_304.jpg,Real
C:\Users\Shravani Gawali\Music\Kaggle_data_hard\data\real\real_305.jpg,Real
C:\Users\Shravani Gawali\Music\Kaggle_data_hard\data\real\real_306.jpg,Real
C:\Users\Shravani Gawali\Music\Kaggle_data_hard\data\real\real_307.jpg,Real
C:\Users\Shravani Gawali\Music\Kaggle_data_hard\data\real\real_308.jpg,Real
C:\Users\Shravani Gawali\Music\Kaggle_data_hard\data\real\real_309.jpg,Real
C:\Users\Shravani Gawali\Music\Kaggle_data_hard\data\real\real_31.jpg,Real
C:\Users\Shravani Gawali\Music\Kaggle_data_hard\data\real\real_310.jpg,Real
C:\Users\Shravani Gawali\Music\Kaggle_data_hard\data\real\real_311.jpg,Real
C:\Users\Shravani Gawali\Music\Kaggle_data_hard\data\real\real_312.jpg,Real
C:\Users\Shravani Gawali\Music\Kaggle_data_hard\data\real\real_313.jpg,Real
C:\Users\Shravani Gawali\Music\Kaggle_data_hard\data\real\real_314.jpg,Real
C:\Users\Shravani Gawali\Music\Kaggle_data_hard\data\real\real_315.jpg,Real
C:\Users\Shravani Gawali\Music\Kaggle_data_hard\data\real\real_316.jpg,Real
C:\Users\Shravani Gawali\Music\Kaggle_data_hard\data\real\real_317.jpg,Real
C:\Users\Shravani Gawali\Music\Kaggle_data_hard\data\real\real_318.jpg,Real
C:\Users\Shravani Gawali\Music\Kaggle_data_hard\data\real\real_319.jpg,Real
C:\Users\Shravani Gawali\Music\Kaggle_data_hard\data\real\real_32.jpg,Real
C:\Users\Shravani Gawali\Music\Kaggle_data_hard\data\real\real_320.jpg,Real
C:\Users\Shravani Gawali\Music\Kaggle_data_hard\data\real\real_321.jpg,Real
C:\Users\Shravani Gawali\Music\Kaggle_data_hard\data\real\real_322.jpg,Real
C:\Users\Shravani Gawali\Music\Kaggle_data_hard\data\real\real_323.jpg,Real
C:\Users\Shravani Gawali\Music\Kaggle_data_hard\data\real\real_324.jpg,Real
C:\Users\Shravani Gawali\Music\Kaggle_data_hard\data\real\real_325.jpg,Real
C:\Users\Shravani Gawali\Music\Kaggle_data_hard\data\real\real_326.jpg,Real
C:\Users\Shravani Gawali\Music\Kaggle_data_hard\data\real\real_327.jpg,Real
C:\Users\Shravani Gawali\Music\Kaggle_data_hard\data\real\real_328.jpg,Real
C:\Users\Shravani Gawali\Music\Kaggle_data_hard\data\real\real_329.jpg,Real
C:\Users\Shravani Gawali\Music\Kaggle_data_hard\data\real\real_33.jpg,Real
C:\Users\Shravani Gawali\Music\Kaggle_data_hard\data\real\real_330.jpg,Real
C:\Users\Shravani Gawali\Music\Kaggle_data_hard\data\real\real_331.jpg,Real
C:\Users\Shravani Gawali\Music\Kaggle_data_hard\data\real\real_332.jpg,Real
C:\Users\Shravani Gawali\Music\Kaggle_data_hard\data\real\real_333.jpg,Real
C:\Users\Shravani Gawali\Music\Kaggle_data_hard\data\real\real_334.jpg,Real
C:\Users\Shravani Gawali\Music\Kaggle_data_hard\data\real\real_335.jpg,Real
C:\Users\Shravani Gawali\Music\Kaggle_data_hard\data\real\real_336.jpg,Real
C:\Users\Shravani Gawali\Music\Kaggle_data_hard\data\real\real_337.jpg,Real
C:\Users\Shravani Gawali\Music\Kaggle_data_hard\data\real\real_338.jpg,Real
C:\Users\Shravani Gawali\Music\Kaggle_data_hard\data\real\real_339.jpg,Real
C:\Users\Shravani Gawali\Music\Kaggle_data_hard\data\real\real_34.jpg,Real
C:\Users\Shravani Gawali\Music\Kaggle_data_hard\data\real\real_340.jpg,Real
C:\Users\Shravani Gawali\Music\Kaggle_data_hard\data\real\real_341.jpg,Real
C:\Users\Shravani Gawali\Music\Kaggle_data_hard\data\real\real_342.jpg,Real
C:\Users\Shravani Gawali\Music\Kaggle_data_hard\data\real\real_343.jpg,Real
C:\Users\Shravani Gawali\Music\Kaggle_data_hard\data\real\real_344.jpg,Real
C:\Users\Shravani Gawali\Music\Kaggle_data_hard\data\real\real_345.jpg,Real
C:\Users\Shravani Gawali\Music\Kaggle_data_hard\data\real\real_346.jpg,Real
C:\Users\Shravani Gawali\Music\Kaggle_data_hard\data\real\real_347.jpg,Real
C:\Users\Shravani Gawali\Music\Kaggle_data_hard\data\real\real_348.jpg,Real
C:\Users\Shravani Gawali\Music\Kaggle_data_hard\data\real\real_349.jpg,Real
C:\Users\Shravani Gawali\Music\Kaggle_data_hard\data\real\real_35.jpg,Real
C:\Users\Shravani Gawali\Music\Kaggle_data_hard\data\real\real_350.jpg,Real
C:\Users\Shravani Gawali\Music\Kaggle_data_hard\data\real\real_351.jpg,Real
C:\Users\Shravani Gawali\Music\Kaggle_data_hard\data\real\real_352.jpg,Real
C:\Users\Shravani Gawali\Music\Kaggle_data_hard\data\real\real_353.jpg,Real
C:\Users\Shravani Gawali\Music\Kaggle_data_hard\data\real\real_354.jpg,Real
C:\Users\Shravani Gawali\Music\Kaggle_data_hard\data\real\real_355.jpg,Real
C:\Users\Shravani Gawali\Music\Kaggle_data_hard\data\real\real_356.jpg,Real
C:\Users\Shravani Gawali\Music\Kaggle_data_hard\data\real\real_357.jpg,Real
C:\Users\Shravani Gawali\Music\Kaggle_data_hard\data\real\real_358.jpg,Real
C:\Users\Shravani Gawali\Music\Kaggle_data_hard\data\real\real_359.jpg,Real
C:\Users\Shravani Gawali\Music\Kaggle_data_hard\data\real\real_36.jpg,Real
C:\Users\Shravani Gawali\Music\Kaggle_data_hard\data\real\real_360.jpg,Real
C:\Users\Shravani Gawali\Music\Kaggle_data_hard\data\real\real_361.jpg,Real
C:\Users\Shravani Gawali\Music\Kaggle_data_hard\data\real\real_362.jpg,Real
C:\Users\Shravani Gawali\Music\Kaggle_data_hard\data\real\real_363.jpg,Real
C:\Users\Shravani Gawali\Music\Kaggle_data_hard\data\real\real_364.jpg,Real
C:\Users\Shravani Gawali\Music\Kaggle_data_hard\data\real\real_365.jpg,Real
C:\Users\Shravani Gawali\Music\Kaggle_data_hard\data\real\real_366.jpg,Real
C:\Users\Shravani Gawali\Music\Kaggle_data_hard\data\real\real_367.jpg,Real
C:\Users\Shravani Gawali\Music\Kaggle_data_hard\data\real\real_368.jpg,Real
C:\Users\Shravani Gawali\Music\Kaggle_data_hard\data\real\real_369.jpg,Real
C:\Users\Shravani Gawali\Music\Kaggle_data_hard\data\real\real_37.jpg,Real
C:\Users\Shravani Gawali\Music\Kaggle_data_hard\data\real\real_370.jpg,Real
C:\Users\Shravani Gawali\Music\Kaggle_data_hard\data\real\real_371.jpg,Real
C:\Users\Shravani Gawali\Music\Kaggle_data_hard\data\real\real_372.jpg,Real
C:\Users\Shravani Gawali\Music\Kaggle_data_hard\data\real\real_373.jpg,Real
C:\Users\Shravani Gawali\Music\Kaggle_data_hard\data\real\real_374.jpg,Real
C:\Users\Shravani Gawali\Music\Kaggle_data_hard\data\real\real_375.jpg,Real
C:\Users\Shravani Gawali\Music\Kaggle_data_hard\data\real\real_376.jpg,Real
C:\Users\Shravani Gawali\Music\Kaggle_data_hard\data\real\real_377.jpg,Real
C:\Users\Shravani Gawali\Music\Kaggle_data_hard\data\real\real_378.jpg,Real
C:\Users\Shravani Gawali\Music\Kaggle_data_hard\data\real\real_379.jpg,Real
C:\Users\Shravani Gawali\Music\Kaggle_data_hard\data\real\real_38.jpg,Real
C:\Users\Shravani Gawali\Music\Kaggle_data_hard\data\real\real_380.jpg,Real
C:\Users\Shravani Gawali\Music\Kaggle_data_hard\data\real\real_381.jpg,Real
C:\Users\Shravani Gawali\Music\Kaggle_data_hard\data\real\real_382.jpg,Real
C:\Users\Shravani Gawali\Music\Kaggle_data_hard\data\real\real_383.jpg,Real
C:\Users\Shravani Gawali\Music\Kaggle_data_hard\data\real\real_384.jpg,Real
C:\Users\Shravani Gawali\Music\Kaggle_data_hard\data\real\real_385.jpg,Real
C:\Users\Shravani Gawali\Music\Kaggle_data_hard\data\real\real_386.jpg,Real
C:\Users\Shravani Gawali\Music\Kaggle_data_hard\data\real\real_387.jpg,Real
C:\Users\Shravani Gawali\Music\Kaggle_data_hard\data\real\real_388.jpg,Real
C:\Users\Shravani Gawali\Music\Kaggle_data_hard\data\real\real_389.jpg,Real
C:\Users\Shravani Gawali\Music\Kaggle_data_hard\data\real\real_39.jpg,Real
C:\Users\Shravani Gawali\Music\Kaggle_data_hard\data\real\real_390.jpg,Real
C:\Users\Shravani Gawali\Music\Kaggle_data_hard\data\real\real_391.jpg,Real
C:\Users\Shravani Gawali\Music\Kaggle_data_hard\data\real\real_392.jpg,Real
C:\Users\Shravani Gawali\Music\Kaggle_data_hard\data\real\real_393.jpg,Real
C:\Users\Shravani Gawali\Music\Kaggle_data_hard\data\real\real_394.jpg,Real
C:\Users\Shravani Gawali\Music\Kaggle_data_hard\data\real\real_395.jpg,Real
C:\Users\Shravani Gawali\Music\Kaggle_data_hard\data\real\real_396.jpg,Real
C:\Users\Shravani Gawali\Music\Kaggle_data_hard\data\real\real_397.jpg,Real
C:\Users\Shravani Gawali\Music\Kaggle_data_hard\data\real\real_398.jpg,Real
C:\Users\Shravani Gawali\Music\Kaggle_data_hard\data\real\real_399.jpg,Real
C:\Users\Shravani Gawali\Music\Kaggle_data_hard\data\real\real_4.jpg,Real
C:\Users\Shravani Gawali\Music\Kaggle_data_hard\data\real\real_40.jpg,Real
C:\Users\Shravani Gawali\Music\Kaggle_data_hard\data\real\real_400.jpg,Real
C:\Users\Shravani Gawali\Music\Kaggle_data_hard\data\real\real_401.jpg,Real
C:\Users\Shravani Gawali\Music\Kaggle_data_hard\data\real\real_402.jpg,Real
C:\Users\Shravani Gawali\Music\Kaggle_data_hard\data\real\real_403.jpg,Real
C:\Users\Shravani Gawali\Music\Kaggle_data_hard\data\real\real_404.jpg,Real
C:\Users\Shravani Gawali\Music\Kaggle_data_hard\data\real\real_405.jpg,Real
C:\Users\Shravani Gawali\Music\Kaggle_data_hard\data\real\real_406.jpg,Real
C:\Users\Shravani Gawali\Music\Kaggle_data_hard\data\real\real_407.jpg,Real
C:\Users\Shravani Gawali\Music\Kaggle_data_hard\data\real\real_408.jpg,Real
C:\Users\Shravani Gawali\Music\Kaggle_data_hard\data\real\real_409.jpg,Real
C:\Users\Shravani Gawali\Music\Kaggle_data_hard\data\real\real_41.jpg,Real
C:\Users\Shravani Gawali\Music\Kaggle_data_hard\data\real\real_410.jpg,Real
C:\Users\Shravani Gawali\Music\Kaggle_data_hard\data\real\real_411.jpg,Real
C:\Users\Shravani Gawali\Music\Kaggle_data_hard\data\real\real_412.jpg,Real
C:\Users\Shravani Gawali\Music\Kaggle_data_hard\data\real\real_413.jpg,Real
C:\Users\Shravani Gawali\Music\Kaggle_data_hard\data\real\real_414.jpg,Real
C:\Users\Shravani Gawali\Music\Kaggle_data_hard\data\real\real_415.jpg,Real
C:\Users\Shravani Gawali\Music\Kaggle_data_hard\data\real\real_416.jpg,Real
C:\Users\Shravani Gawali\Music\Kaggle_data_hard\data\real\real_417.jpg,Real
C:\Users\Shravani Gawali\Music\Kaggle_data_hard\data\real\real_418.jpg,Real
C:\Users\Shravani Gawali\Music\Kaggle_data_hard\data\real\real_419.jpg,Real
C:\Users\Shravani Gawali\Music\Kaggle_data_hard\data\real\real_42.jpg,Real
C:\Users\Shravani Gawali\Music\Kaggle_data_hard\data\real\real_420.jpg,Real
C:\Users\Shravani Gawali\Music\Kaggle_data_hard\data\real\real_421.jpg,Real
C:\Users\Shravani Gawali\Music\Kaggle_data_hard\data\real\real_422.jpg,Real
C:\Users\Shravani Gawali\Music\Kaggle_data_hard\data\real\real_423.jpg,Real
C:\Users\Shravani Gawali\Music\Kaggle_data_hard\data\real\real_424.jpg,Real
C:\Users\Shravani Gawali\Music\Kaggle_data_hard\data\real\real_425.jpg,Real
C:\Users\Shravani Gawali\Music\Kaggle_data_hard\data\real\real_426.jpg,Real
C:\Users\Shravani Gawali\Music\Kaggle_data_hard\data\real\real_427.jpg,Real
C:\Users\Shravani Gawali\Music\Kaggle_data_hard\data\real\real_428.jpg,Real
C:\Users\Shravani Gawali\Music\Kaggle_data_hard\data\real\real_429.jpg,Real
C:\Users\Shravani Gawali\Music\Kaggle_data_hard\data\real\real_43.jpg,Real
C:\Users\Shravani Gawali\Music\Kaggle_data_hard\data\real\real_430.jpg,Real
C:\Users\Shravani Gawali\Music\Kaggle_data_hard\data\real\real_431.jpg,Real
C:\Users\Shravani Gawali\Music\Kaggle_data_hard\data\real\real_432.jpg,Real
C:\Users\Shravani Gawali\Music\Kaggle_data_hard\data\real\real_433.jpg,Real
C:\Users\Shravani Gawali\Music\Kaggle_data_hard\data\real\real_434.jpg,Real
C:\Users\Shravani Gawali\Music\Kaggle_data_hard\data\real\real_435.jpg,Real
C:\Users\Shravani Gawali\Music\Kaggle_data_hard\data\real\real_436.jpg,Real
C:\Users\Shravani Gawali\Music\Kaggle_data_hard\data\real\real_437.jpg,Real
C:\Users\Shravani Gawali\Music\Kaggle_data_hard\data\real\real_438.jpg,Real
C:\Users\Shravani Gawali\Music\Kaggle_data_hard\data\real\real_439.jpg,Real
C:\Users\Shravani Gawali\Music\Kaggle_data_hard\data\real\real_44.jpg,Real
C:\Users\Shravani Gawali\Music\Kaggle_data_hard\data\real\real_440.jpg,Real
C:\Users\Shravani Gawali\Music\Kaggle_data_hard\data\real\real_441.jpg,Real
C:\Users\Shravani Gawali\Music\Kaggle_data_hard\data\real\real_442.jpg,Real
C:\Users\Shravani Gawali\Music\Kaggle_data_hard\data\real\real_443.jpg,Real
C:\Users\Shravani Gawali\Music\Kaggle_data_hard\data\real\real_444.jpg,Real
C:\Users\Shravani Gawali\Music\Kaggle_data_hard\data\real\real_445.jpg,Real
C:\Users\Shravani Gawali\Music\Kaggle_data_hard\data\real\real_446.jpg,Real
C:\Users\Shravani Gawali\Music\Kaggle_data_hard\data\real\real_447.jpg,Real
C:\Users\Shravani Gawali\Music\Kaggle_data_hard\data\real\real_448.jpg,Real
C:\Users\Shravani Gawali\Music\Kaggle_data_hard\data\real\real_449.jpg,Real
C:\Users\Shravani Gawali\Music\Kaggle_data_hard\data\real\real_45.jpg,Real
C:\Users\Shravani Gawali\Music\Kaggle_data_hard\data\real\real_450.jpg,Real
C:\Users\Shravani Gawali\Music\Kaggle_data_hard\data\real\real_451.jpg,Real
C:\Users\Shravani Gawali\Music\Kaggle_data_hard\data\real\real_452.jpg,Real
C:\Users\Shravani Gawali\Music\Kaggle_data_hard\data\real\real_453.jpg,Real
C:\Users\Shravani Gawali\Music\Kaggle_data_hard\data\real\real_454.jpg,Real
C:\Users\Shravani Gawali\Music\Kaggle_data_hard\data\real\real_455.jpg,Real
C:\Users\Shravani Gawali\Music\Kaggle_data_hard\data\real\real_456.jpg,Real
C:\Users\Shravani Gawali\Music\Kaggle_data_hard\data\real\real_457.jpg,Real
C:\Users\Shravani Gawali\Music\Kaggle_data_hard\data\real\real_458.jpg,Real
C:\Users\Shravani Gawali\Music\Kaggle_data_hard\data\real\real_459.jpg,Real
C:\Users\Shravani Gawali\Music\Kaggle_data_hard\data\real\real_46.jpg,Real
C:\Users\Shravani Gawali\Music\Kaggle_data_hard\data\real\real_460.jpg,Real
C:\Users\Shravani Gawali\Music\Kaggle_data_hard\data\real\real_461.jpg,Real
C:\Users\Shravani Gawali\Music\Kaggle_data_hard\data\real\real_462.jpg,Real
C:\Users\Shravani Gawali\Music\Kaggle_data_hard\data\real\real_463.jpg,Real
C:\Users\Shravani Gawali\Music\Kaggle_data_hard\data\real\real_464.jpg,Real
C:\Users\Shravani Gawali\Music\Kaggle_data_hard\data\real\real_465.jpg,Real
C:\Users\Shravani Gawali\Music\Kaggle_data_hard\data\real\real_466.jpg,Real
C:\Users\Shravani Gawali\Music\Kaggle_data_hard\data\real\real_467.jpg,Real
C:\Users\Shravani Gawali\Music\Kaggle_data_hard\data\real\real_468.jpg,Real
C:\Users\Shravani Gawali\Music\Kaggle_data_hard\data\real\real_469.jpg,Real
C:\Users\Shravani Gawali\Music\Kaggle_data_hard\data\real\real_47.jpg,Real
C:\Users\Shravani Gawali\Music\Kaggle_data_hard\data\real\real_470.jpg,Real
C:\Users\Shravani Gawali\Music\Kaggle_data_hard\data\real\real_471.jpg,Real
C:\Users\Shravani Gawali\Music\Kaggle_data_hard\data\real\real_472.jpg,Real
C:\Users\Shravani Gawali\Music\Kaggle_data_hard\data\real\real_473.jpg,Real
C:\Users\Shravani Gawali\Music\Kaggle_data_hard\data\real\real_474.jpg,Real
C:\Users\Shravani Gawali\Music\Kaggle_data_hard\data\real\real_475.jpg,Real
C:\Users\Shravani Gawali\Music\Kaggle_data_hard\data\real\real_476.jpg,Real
C:\Users\Shravani Gawali\Music\Kaggle_data_hard\data\real\real_477.jpg,Real
C:\Users\Shravani Gawali\Music\Kaggle_data_hard\data\real\real_478.jpg,Real
C:\Users\Shravani Gawali\Music\Kaggle_data_hard\data\real\real_479.jpg,Real
C:\Users\Shravani Gawali\Music\Kaggle_data_hard\data\real\real_48.jpg,Real
C:\Users\Shravani Gawali\Music\Kaggle_data_hard\data\real\real_480.jpg,Real
C:\Users\Shravani Gawali\Music\Kaggle_data_hard\data\real\real_481.jpg,Real
C:\Users\Shravani Gawali\Music\Kaggle_data_hard\data\real\real_482.jpg,Real
C:\Users\Shravani Gawali\Music\Kaggle_data_hard\data\real\real_483.jpg,Real
C:\Users\Shravani Gawali\Music\Kaggle_data_hard\data\real\real_484.jpg,Real
C:\Users\Shravani Gawali\Music\Kaggle_data_hard\data\real\real_485.jpg,Real
C:\Users\Shravani Gawali\Music\Kaggle_data_hard\data\real\real_486.jpg,Real
C:\Users\Shravani Gawali\Music\Kaggle_data_hard\data\real\real_487.jpg,Real
C:\Users\Shravani Gawali\Music\Kaggle_data_hard\data\real\real_488.jpg,Real
C:\Users\Shravani Gawali\Music\Kaggle_data_hard\data\real\real_489.jpg,Real
C:\Users\Shravani Gawali\Music\Kaggle_data_hard\data\real\real_49.jpg,Real
C:\Users\Shravani Gawali\Music\Kaggle_data_hard\data\real\real_490.jpg,Real
C:\Users\Shravani Gawali\Music\Kaggle_data_hard\data\real\real_491.jpg,Real
C:\Users\Shravani Gawali\Music\Kaggle_data_hard\data\real\real_492.jpg,Real
C:\Users\Shravani Gawali\Music\Kaggle_data_hard\data\real\real_493.jpg,Real
C:\Users\Shravani Gawali\Music\Kaggle_data_hard\data\real\real_494.jpg,Real
C:\Users\Shravani Gawali\Music\Kaggle_data_hard\data\real\real_495.jpg,Real
C:\Users\Shravani Gawali\Music\Kaggle_data_hard\data\real\real_496.jpg,Real
C:\Users\Shravani Gawali\Music\Kaggle_data_hard\data\real\real_497.jpg,Real
C:\Users\Shravani Gawali\Music\Kaggle_data_hard\data\real\real_498.jpg,Real
C:\Users\Shravani Gawali\Music\Kaggle_data_hard\data\real\real_499.jpg,Real
C:\Users\Shravani Gawali\Music\Kaggle_data_hard\data\real\real_5.jpg,Real
C:\Users\Shravani Gawali\Music\Kaggle_data_hard\data\real\real_50.jpg,Real
C:\Users\Shravani Gawali\Music\Kaggle_data_hard\data\real\real_500.jpg,Real
C:\Users\Shravani Gawali\Music\Kaggle_data_hard\data\real\real_501.jpg,Real
C:\Users\Shravani Gawali\Music\Kaggle_data_hard\data\real\real_502.jpg,Real
C:\Users\Shravani Gawali\Music\Kaggle_data_hard\data\real\real_503.jpg,Real
C:\Users\Shravani Gawali\Music\Kaggle_data_hard\data\real\real_504.jpg,Real
C:\Users\Shravani Gawali\Music\Kaggle_data_hard\data\real\real_505.jpg,Real
C:\Users\Shravani Gawali\Music\Kaggle_data_hard\data\real\real_506.jpg,Real
C:\Users\Shravani Gawali\Music\Kaggle_data_hard\data\real\real_507.jpg,Real
C:\Users\Shravani Gawali\Music\Kaggle_data_hard\data\real\real_508.jpg,Real
C:\Users\Shravani Gawali\Music\Kaggle_data_hard\data\real\real_509.jpg,Real
C:\Users\Shravani Gawali\Music\Kaggle_data_hard\data\real\real_51.jpg,Real
C:\Users\Shravani Gawali\Music\Kaggle_data_hard\data\real\real_510.jpg,Real
C:\Users\Shravani Gawali\Music\Kaggle_data_hard\data\real\real_511.jpg,Real
C:\Users\Shravani Gawali\Music\Kaggle_data_hard\data\real\real_512.jpg,Real
C:\Users\Shravani Gawali\Music\Kaggle_data_hard\data\real\real_513.jpg,Real
C:\Users\Shravani Gawali\Music\Kaggle_data_hard\data\real\real_514.jpg,Real
C:\Users\Shravani Gawali\Music\Kaggle_data_hard\data\real\real_515.jpg,Real
C:\Users\Shravani Gawali\Music\Kaggle_data_hard\data\real\real_516.jpg,Real
C:\Users\Shravani Gawali\Music\Kaggle_data_hard\data\real\real_517.jpg,Real
C:\Users\Shravani Gawali\Music\Kaggle_data_hard\data\real\real_518.jpg,Real
C:\Users\Shravani Gawali\Music\Kaggle_data_hard\data\real\real_519.jpg,Real
C:\Users\Shravani Gawali\Music\Kaggle_data_hard\data\real\real_52.jpg,Real
C:\Users\Shravani Gawali\Music\Kaggle_data_hard\data\real\real_520.jpg,Real
C:\Users\Shravani Gawali\Music\Kaggle_data_hard\data\real\real_521.jpg,Real
C:\Users\Shravani Gawali\Music\Kaggle_data_hard\data\real\real_522.jpg,Real
C:\Users\Shravani Gawali\Music\Kaggle_data_hard\data\real\real_523.jpg,Real
C:\Users\Shravani Gawali\Music\Kaggle_data_hard\data\real\real_524.jpg,Real
C:\Users\Shravani Gawali\Music\Kaggle_data_hard\data\real\real_525.jpg,Real
C:\Users\Shravani Gawali\Music\Kaggle_data_hard\data\real\real_526.jpg,Real
C:\Users\Shravani Gawali\Music\Kaggle_data_hard\data\real\real_527.jpg,Real
C:\Users\Shravani Gawali\Music\Kaggle_data_hard\data\real\real_528.jpg,Real
C:\Users\Shravani Gawali\Music\Kaggle_data_hard\data\real\real_529.jpg,Real
C:\Users\Shravani Gawali\Music\Kaggle_data_hard\data\real\real_53.jpg,Real
C:\Users\Shravani Gawali\Music\Kaggle_data_hard\data\real\real_530.jpg,Real
C:\Users\Shravani Gawali\Music\Kaggle_data_hard\data\real\real_531.jpg,Real
C:\Users\Shravani Gawali\Music\Kaggle_data_hard\data\real\real_532.jpg,Real
C:\Users\Shravani Gawali\Music\Kaggle_data_hard\data\real\real_533.jpg,Real
C:\Users\Shravani Gawali\Music\Kaggle_data_hard\data\real\real_534.jpg,Real
C:\Users\Shravani Gawali\Music\Kaggle_data_hard\data\real\real_535.jpg,Real
C:\Users\Shravani Gawali\Music\Kaggle_data_hard\data\real\real_536.jpg,Real
C:\Users\Shravani Gawali\Music\Kaggle_data_hard\data\real\real_537.jpg,Real
C:\Users\Shravani Gawali\Music\Kaggle_data_hard\data\real\real_538.jpg,Real
C:\Users\Shravani Gawali\Music\Kaggle_data_hard\data\real\real_539.jpg,Real
C:\Users\Shravani Gawali\Music\Kaggle_data_hard\data\real\real_54.jpg,Real
C:\Users\Shravani Gawali\Music\Kaggle_data_hard\data\real\real_540.jpg,Real
C:\Users\Shravani Gawali\Music\Kaggle_data_hard\data\real\real_541.jpg,Real
C:\Users\Shravani Gawali\Music\Kaggle_data_hard\data\real\real_542.jpg,Real
C:\Users\Shravani Gawali\Music\Kaggle_data_hard\data\real\real_543.jpg,Real
C:\Users\Shravani Gawali\Music\Kaggle_data_hard\data\real\real_544.jpg,Real
C:\Users\Shravani Gawali\Music\Kaggle_data_hard\data\real\real_545.jpg,Real
C:\Users\Shravani Gawali\Music\Kaggle_data_hard\data\real\real_546.jpg,Real
C:\Users\Shravani Gawali\Music\Kaggle_data_hard\data\real\real_547.jpg,Real
C:\Users\Shravani Gawali\Music\Kaggle_data_hard\data\real\real_548.jpg,Real
C:\Users\Shravani Gawali\Music\Kaggle_data_hard\data\real\real_549.jpg,Real
C:\Users\Shravani Gawali\Music\Kaggle_data_hard\data\real\real_55.jpg,Real
C:\Users\Shravani Gawali\Music\Kaggle_data_hard\data\real\real_550.jpg,Real
C:\Users\Shravani Gawali\Music\Kaggle_data_hard\data\real\real_551.jpg,Real
C:\Users\Shravani Gawali\Music\Kaggle_data_hard\data\real\real_552.jpg,Real
C:\Users\Shravani Gawali\Music\Kaggle_data_hard\data\real\real_553.jpg,Real
C:\Users\Shravani Gawali\Music\Kaggle_data_hard\data\real\real_554.jpg,Real
C:\Users\Shravani Gawali\Music\Kaggle_data_hard\data\real\real_555.jpg,Real
C:\Users\Shravani Gawali\Music\Kaggle_data_hard\data\real\real_556.jpg,Real
C:\Users\Shravani Gawali\Music\Kaggle_data_hard\data\real\real_557.jpg,Real
C:\Users\Shravani Gawali\Music\Kaggle_data_hard\data\real\real_558.jpg,Real
C:\Users\Shravani Gawali\Music\Kaggle_data_hard\data\real\real_559.jpg,Real
C:\Users\Shravani Gawali\Music\Kaggle_data_hard\data\real\real_56.jpg,Real
C:\Users\Shravani Gawali\Music\Kaggle_data_hard\data\real\real_560.jpg,Real
C:\Users\Shravani Gawali\Music\Kaggle_data_hard\data\real\real_561.jpg,Real
C:\Users\Shravani Gawali\Music\Kaggle_data_hard\data\real\real_562.jpg,Real
C:\Users\Shravani Gawali\Music\Kaggle_data_hard\data\real\real_563.jpg,Real
C:\Users\Shravani Gawali\Music\Kaggle_data_hard\data\real\real_564.jpg,Real
C:\Users\Shravani Gawali\Music\Kaggle_data_hard\data\real\real_565.jpg,Real
C:\Users\Shravani Gawali\Music\Kaggle_data_hard\data\real\real_566.jpg,Real
C:\Users\Shravani Gawali\Music\Kaggle_data_hard\data\real\real_567.jpg,Real
C:\Users\Shravani Gawali\Music\Kaggle_data_hard\data\real\real_568.jpg,Real
C:\Users\Shravani Gawali\Music\Kaggle_data_hard\data\real\real_569.jpg,Real
C:\Users\Shravani Gawali\Music\Kaggle_data_hard\data\real\real_57.jpg,Real
C:\Users\Shravani Gawali\Music\Kaggle_data_hard\data\real\real_570.jpg,Real
C:\Users\Shravani Gawali\Music\Kaggle_data_hard\data\real\real_571.jpg,Real
C:\Users\Shravani Gawali\Music\Kaggle_data_hard\data\real\real_572.jpg,Real
C:\Users\Shravani Gawali\Music\Kaggle_data_hard\data\real\real_573.jpg,Real
C:\Users\Shravani Gawali\Music\Kaggle_data_hard\data\real\real_574.jpg,Real
C:\Users\Shravani Gawali\Music\Kaggle_data_hard\data\real\real_575.jpg,Real
C:\Users\Shravani Gawali\Music\Kaggle_data_hard\data\real\real_576.jpg,Real
C:\Users\Shravani Gawali\Music\Kaggle_data_hard\data\real\real_577.jpg,Real
C:\Users\Shravani Gawali\Music\Kaggle_data_hard\data\real\real_578.jpg,Real
C:\Users\Shravani Gawali\Music\Kaggle_data_hard\data\real\real_579.jpg,Real
C:\Users\Shravani Gawali\Music\Kaggle_data_hard\data\real\real_58.jpg,Real
C:\Users\Shravani Gawali\Music\Kaggle_data_hard\data\real\real_580.jpg,Real
C:\Users\Shravani Gawali\Music\Kaggle_data_hard\data\real\real_581.jpg,Real
C:\Users\Shravani Gawali\Music\Kaggle_data_hard\data\real\real_582.jpg,Real
C:\Users\Shravani Gawali\Music\Kaggle_data_hard\data\real\real_583.jpg,Real
C:\Users\Shravani Gawali\Music\Kaggle_data_hard\data\real\real_584.jpg,Real
C:\Users\Shravani Gawali\Music\Kaggle_data_hard\data\real\real_585.jpg,Real
C:\Users\Shravani Gawali\Music\Kaggle_data_hard\data\real\real_586.jpg,Real
C:\Users\Shravani Gawali\Music\Kaggle_data_hard\data\real\real_587.jpg,Real
C:\Users\Shravani Gawali\Music\Kaggle_data_hard\data\real\real_588.jpg,Real
C:\Users\Shravani Gawali\Music\Kaggle_data_hard\data\real\real_589.jpg,Real
C:\Users\Shravani Gawali\Music\Kaggle_data_hard\data\real\real_59.jpg,Real
C:\Users\Shravani Gawali\Music\Kaggle_data_hard\data\real\real_6.jpg,Real
C:\Users\Shravani Gawali\Music\Kaggle_data_hard\data\real\real_60.jpg,Real
C:\Users\Shravani Gawali\Music\Kaggle_data_hard\data\real\real_61.jpg,Real
C:\Users\Shravani Gawali\Music\Kaggle_data_hard\data\real\real_62.jpg,Real
C:\Users\Shravani Gawali\Music\Kaggle_data_hard\data\real\real_63.jpg,Real
C:\Users\Shravani Gawali\Music\Kaggle_data_hard\data\real\real_64.jpg,Real
C:\Users\Shravani Gawali\Music\Kaggle_data_hard\data\real\real_65.jpg,Real
C:\Users\Shravani Gawali\Music\Kaggle_data_hard\data\real\real_66.jpg,Real
C:\Users\Shravani Gawali\Music\Kaggle_data_hard\data\real\real_67.jpg,Real
C:\Users\Shravani Gawali\Music\Kaggle_data_hard\data\real\real_68.jpg,Real
C:\Users\Shravani Gawali\Music\Kaggle_data_hard\data\real\real_69.jpg,Real
C:\Users\Shravani Gawali\Music\Kaggle_data_hard\data\real\real_7.jpg,Real
C:\Users\Shravani Gawali\Music\Kaggle_data_hard\data\real\real_70.jpg,Real
C:\Users\Shravani Gawali\Music\Kaggle_data_hard\data\real\real_71.jpg,Real
C:\Users\Shravani Gawali\Music\Kaggle_data_hard\data\real\real_72.jpg,Real
C:\Users\Shravani Gawali\Music\Kaggle_data_hard\data\real\real_73.jpg,Real
C:\Users\Shravani Gawali\Music\Kaggle_data_hard\data\real\real_74.jpg,Real
C:\Users\Shravani Gawali\Music\Kaggle_data_hard\data\real\real_75.jpg,Real
C:\Users\Shravani Gawali\Music\Kaggle_data_hard\data\real\real_76.jpg,Real
C:\Users\Shravani Gawali\Music\Kaggle_data_hard\data\real\real_77.jpg,Real
C:\Users\Shravani Gawali\Music\Kaggle_data_hard\data\real\real_78.jpg,Real
C:\Users\Shravani Gawali\Music\Kaggle_data_hard\data\real\real_79.jpg,Real
C:\Users\Shravani Gawali\Music\Kaggle_data_hard\data\real\real_8.jpg,Real
C:\Users\Shravani Gawali\Music\Kaggle_data_hard\data\real\real_80.jpg,Real
C:\Users\Shravani Gawali\Music\Kaggle_data_hard\data\real\real_81.jpg,Real
C:\Users\Shravani Gawali\Music\Kaggle_data_hard\data\real\real_82.jpg,Real
C:\Users\Shravani Gawali\Music\Kaggle_data_hard\data\real\real_83.jpg,Real
C:\Users\Shravani Gawali\Music\Kaggle_data_hard\data\real\real_84.jpg,Real
C:\Users\Shravani Gawali\Music\Kaggle_data_hard\data\real\real_85.jpg,Real
C:\Users\Shravani Gawali\Music\Kaggle_data_hard\data\real\real_86.jpg,Real
C:\Users\Shravani Gawali\Music\Kaggle_data_hard\data\real\real_87.jpg,Real
C:\Users\Shravani Gawali\Music\Kaggle_data_hard\data\real\real_88.jpg,Real
C:\Users\Shravani Gawali\Music\Kaggle_data_hard\data\real\real_89.jpg,Real
C:\Users\Shravani Gawali\Music\Kaggle_data_hard\data\real\real_9.jpg,Real
C:\Users\Shravani Gawali\Music\Kaggle_data_hard\data\real\real_90.jpg,Real
C:\Users\Shravani Gawali\Music\Kaggle_data_hard\data\real\real_91.jpg,Real
C:\Users\Shravani Gawali\Music\Kaggle_data_hard\data\real\real_92.jpg,Real
C:\Users\Shravani Gawali\Music\Kaggle_data_hard\data\real\real_93.jpg,Real
C:\Users\Shravani Gawali\Music\Kaggle_data_hard\data\real\real_94.jpg,Real
C:\Users\Shravani Gawali\Music\Kaggle_data_hard\data\real\real_95.jpg,Real
C:\Users\Shravani Gawali\Music\Kaggle_data_hard\data\real\real_96.jpg,Real
C:\Users\Shravani Gawali\Music\Kaggle_data_hard\data\real\real_97.jpg,Real
C:\Users\Shravani Gawali\Music\Kaggle_data_hard\data\real\real_98.jpg,Real
C:\Users\Shravani Gawali\Music\Kaggle_data_hard\data\real\real_99.jpg,Real
